{
"type": "FeatureCollection",
"generator": "overpass-turbo",
"copyright": "The data included in this document is from www.openstreetmap.org. The data is made available under ODbL.",
"timestamp": "2026-07-27T09:55:21Z",
"name": "cime_vda",
"features": [
{"type":"Feature","id":"node/26862459","properties":{"@id":"node/26862459","ele":"3747","name":"Aiguille de la Grande Sassière","name:fr":"Aiguille de la Grande Sassière","name:it":"Aiguille de la Grande Sassière","natural":"peak","pdop":"1.33","source":"survey","wikidata":"Q3613023","wikipedia":"it:Aiguille de la Grande Sassière"},"geometry":{"type":"Point","coordinates":[6.9998427,45.5049956]}},
{"type":"Feature","id":"node/26862463","properties":{"@id":"node/26862463","alt_name":"Aiguilles de Tré la Tête","ele":"3930","name":"Aiguille de Tré-la-Tête Centrale Sud-Est","natural":"peak","source":"https://wxs.ign.fr/an7nvfzojv5wa96dsga5nk8w/geoportail/wmts?SERVICE=WMTS&VERSION=1.0.0&REQUEST=GetTile&LAYER=GEOGRAPHICALGRIDSYSTEMS.MAPS.SCAN25TOUR.CV&STYLE=normal&FORMAT=image/jpeg&TILEMATRIXSET=PM&TILEMATRIX=15&TILEROW=11684&TILECOL=17004.jpg","wikidata":"Q731683"},"geometry":{"type":"Point","coordinates":[6.8150821,45.7946096]}},
{"type":"Feature","id":"node/26862537","properties":{"@id":"node/26862537","ele":"3504","name":"Becca di Luseney","name:fr":"Pic de Luseney","natural":"peak","wikidata":"Q3382378","wikipedia":"it:Becca di Luseney"},"geometry":{"type":"Point","coordinates":[7.4908648,45.8705972]}},
{"type":"Feature","id":"node/26863010","properties":{"@id":"node/26863010","ele":"4061","name":"Gran Paradiso","name:fr":"Grand Paradis","name:it":"Gran Paradiso","natural":"peak","prominence":"1881","source":"GPS","source:prominence":"4061-2180 (Col beside Col du Petit Saint-Bernard)","wikidata":"Q1372","wikipedia":"it:Gran Paradiso"},"geometry":{"type":"Point","coordinates":[7.2672005,45.5178193]}},
{"type":"Feature","id":"node/26863022","properties":{"@id":"node/26863022","ele":"3328","name":"Grande Rochère","natural":"peak","source":"PCN 2006 Ita+gps","wikidata":"Q3775581","wikipedia":"it:Grande Rochère"},"geometry":{"type":"Point","coordinates":[7.0614211,45.8137818]}},
{"type":"Feature","id":"node/26863024","properties":{"@id":"node/26863024","ele":"4208","name":"Grandes Jorasses / Pointe Walker","natural":"peak","prominence":"848","source:prominence":"4208-3360 (Col du Géant)","wikidata":"Q2403858","wikipedia":"it:Punta Walker"},"geometry":{"type":"Point","coordinates":[6.9889831,45.8681562]}},
{"type":"Feature","id":"node/26863477","properties":{"@id":"node/26863477","ele":"3969","name":"Grivola","natural":"peak","source":"Carta Tecnica Regione VDA","wikidata":"Q1373","wikipedia":"it:Grivola"},"geometry":{"type":"Point","coordinates":[7.2574395,45.5960003]}},
{"type":"Feature","id":"node/26863749","properties":{"@id":"node/26863749","ele":"3727","name":"Mont Vélan","natural":"peak","wikidata":"Q669860","wikipedia":"it:Monte Vélan"},"geometry":{"type":"Point","coordinates":[7.2514708,45.8919362]}},
{"type":"Feature","id":"node/26863796","properties":{"@id":"node/26863796","ele":"3252","name":"Mont Berrio Blanc","natural":"peak","sources":"Carta Tecnica Regione VDA","wikidata":"Q3861225","wikipedia":"it:Monte Berio Blanc"},"geometry":{"type":"Point","coordinates":[6.8979714,45.7531231]}},
{"type":"Feature","id":"node/26863857","properties":{"@id":"node/26863857","ele":"3559","name":"Monte Emilius","natural":"peak","source":"GPS","wikidata":"Q1664254","wikipedia":"it:Monte Emilius"},"geometry":{"type":"Point","coordinates":[7.3849164,45.678861]}},
{"type":"Feature","id":"node/26863860","properties":{"@id":"node/26863860","ele":"3061","name":"Mont Fallère","natural":"peak","wikidata":"Q3861037","wikimedia_commons":"Category:Mont Fallère","wikipedia":"it:Mont Fallère"},"geometry":{"type":"Point","coordinates":[7.1944304,45.7754147]}},
{"type":"Feature","id":"node/26863911","properties":{"@id":"node/26863911","ele":"3075","loc_name":"Mont Nery","name":"Mont Nery / Becca Frudiera","name:fr":"Mont Nery","natural":"peak","note":"Il nome Becca Frudiera (o Froudiera, dal nome del Lago di Froudire) non viene quasi mai usato in zona, la montagna è conosciuta quasi ovunque come Mont Nery","source":"pcn2006+gps","wikidata":"Q3321995","wikipedia":"it:Becca Frudiera"},"geometry":{"type":"Point","coordinates":[7.8202957,45.7156339]}},
{"type":"Feature","id":"node/26864385","properties":{"@id":"node/26864385","ele":"3513","name":"Punta Tersiva","name:fr":"Pointe Tersive","natural":"peak","note":"riposizionato su base pcn2006 e gps","source":"pcn2006+gps","summit:cross":"yes","wikidata":"Q787458","wikipedia":"it:Punta Tersiva"},"geometry":{"type":"Point","coordinates":[7.4761238,45.6203085]}},
{"type":"Feature","id":"node/26864911","properties":{"@id":"node/26864911","alt_name":"Groabhopt","ele":"3314","name":"Testa Grigia","name:wae":"Groabhopt","natural":"peak","summit:cross":"yes","summit:register":"yes","wikidata":"Q3985156","wikipedia":"it:Testa Grigia (Alpi Pennine)"},"geometry":{"type":"Point","coordinates":[7.7866155,45.8308025]}},
{"type":"Feature","id":"node/281399025","properties":{"@id":"node/281399025","direction":"0-360","dispute:wikipedia":"fr:Histoire de la frontière sur le mont Blanc","ele":"4807.3","importance":"international","isolation":"2812","name":"Mont Blanc / Monte Bianco","name:be":"Манблан","name:br":"Menez Gwenn","name:cs":"Mont Blanc","name:es":"Mont Blanc","name:fr":"Mont Blanc","name:he":"מון בלאן","name:hu":"Mont Blanc","name:it":"Monte Bianco","name:ja":"モンブラン","name:lt":"Monblanas","name:ru":"Монблан","name:tt":"Монблан","name:uk":"Монблан","name:zh":"勃朗峰","natural":"peak","note":"Ownership of the summit and dispute https://en.wikipedia.org/wiki/Mont_Blanc","prominence":"4695","source":"cadastre-dgi-fr source : Direction Générale des Impôts - Cadastre. Mise à jour : 2009","source:ele":"IGN measurements 2015","source:prominence":"4808-113 (Lake Beloye)","summit:cross":"no","tourism":"viewpoint","wheelchair":"no","wikidata":"Q583","wikipedia":"fr:Mont Blanc"},"geometry":{"type":"Point","coordinates":[6.8651706,45.8327056]}},
{"type":"Feature","id":"node/285907064","properties":{"@id":"node/285907064","ele":"3034","name":"Testa della Nouva","name:fr":"Tête-de-la-Nouva","natural":"peak","source":"Carta Tecnica Regione VDA"},"geometry":{"type":"Point","coordinates":[7.4851534,45.5820934]}},
{"type":"Feature","id":"node/285907239","properties":{"@id":"node/285907239","ele":"3021","name":"Cima di Peradzà","name:fr":"Pointe de Peradzà","natural":"peak"},"geometry":{"type":"Point","coordinates":[7.4991345,45.5833566]}},
{"type":"Feature","id":"node/285908323","properties":{"@id":"node/285908323","ele":"3101","name":"Torre Ponton","name:fr":"Tour Ponton","natural":"peak","wikidata":"Q18168793","wikipedia":"it:Torre Ponton"},"geometry":{"type":"Point","coordinates":[7.4945385,45.6036353]}},
{"type":"Feature","id":"node/285909628","properties":{"@id":"node/285909628","alt_name":"Testa di Savoney","alt_name:fr":"Tête-de-Savoney","ele":"3185","name":"Mont Glacier","natural":"peak","source":"Carta Tecnica Regione VDA","wikidata":"Q3321858","wikipedia":"it:Mont Glacier"},"geometry":{"type":"Point","coordinates":[7.539424,45.6314756]}},
{"type":"Feature","id":"node/300982974","properties":{"@id":"node/300982974","ele":"3531","name":"Bec d'Épicoune","natural":"peak","note":"Su Guida Monti d'Italia il Toponimo è Becca Rayette 3529, anche su più recente cartografia cartacea Italiana (2009) il toponimo è Becca Rayette con quota 3527","wikidata":"Q3637372"},"geometry":{"type":"Point","coordinates":[7.4223093,45.9145811]}},
{"type":"Feature","id":"node/307195544","properties":{"@id":"node/307195544","ele":"3759","name":"Aiguille de Leschaux","name:fr":"Aiguille de Leschaux","name:it":"Aiguille de Leschaux","natural":"peak","wikidata":"Q1151985","wikipedia":"it:Aiguille de Leschaux"},"geometry":{"type":"Point","coordinates":[7.0066752,45.8872044]}},
{"type":"Feature","id":"node/307195567","properties":{"@id":"node/307195567","ele":"3599","name":"Aiguille de l'Éboulement","name:fr":"Aiguille de l'Éboulement","name:it":"Aiguille de l'Éboulement","natural":"peak","source":"Carta Tecnica Regione VDA","wikidata":"Q1657146","wikipedia":"it:Aiguille de l'Éboulement"},"geometry":{"type":"Point","coordinates":[7.0030077,45.8931672]}},
{"type":"Feature","id":"node/307195579","properties":{"@id":"node/307195579","ele":"3730","name":"Aiguille de Talèfre","name:fr":"Aiguille de Talèfre","name:it":"Aiguille de Talèfre","natural":"peak","wikidata":"Q1578316","wikipedia":"it:Aiguille de Talèfre"},"geometry":{"type":"Point","coordinates":[7.0037821,45.899499]}},
{"type":"Feature","id":"node/307195602","properties":{"@id":"node/307195602","ele":"3648","name":"Pointe du Domino / Punta del Domino","name:fr":"Pointe du Domino","name:it":"Punta del Domino","natural":"peak","wikidata":"Q31612094"},"geometry":{"type":"Point","coordinates":[7.0310586,45.9206211]}},
{"type":"Feature","id":"node/307196126","properties":{"@id":"node/307196126","ele":"3899","name":"Gobba di Rollin","name:fr":"Dos de Rollin","name:it":"Gobba di Rollin","natural":"peak","wikidata":"Q691854","wikipedia":"it:Gobba di Rollin"},"geometry":{"type":"Point","coordinates":[7.7350929,45.9239722]}},
{"type":"Feature","id":"node/307676211","properties":{"@id":"node/307676211","ele":"3815","name":"Aiguille des Glaciers","name:fr":"Aiguille des Glaciers","name:it":"Aiguille des Glaciers","natural":"peak","wikidata":"Q1705506","wikipedia":"it:Aiguille des Glaciers"},"geometry":{"type":"Point","coordinates":[6.802571,45.7783901]}},
{"type":"Feature","id":"node/340235998","properties":{"@id":"node/340235998","ele":"4001","name":"Aiguille de Rochefort","natural":"peak","source":"Yahoo","wikidata":"Q404672","wikipedia":"it:Aiguille de Rochefort"},"geometry":{"type":"Point","coordinates":[6.9599716,45.8621023]}},
{"type":"Feature","id":"node/361176448","properties":{"@id":"node/361176448","ele":"3778","name":"Herbetet","natural":"peak","source":"Carta Tecnica Regione VDA","wikidata":"Q3785155","wikipedia":"it:Herbétet"},"geometry":{"type":"Point","coordinates":[7.2738386,45.5445008]}},
{"type":"Feature","id":"node/361367417","properties":{"@id":"node/361367417","ele":"4322","name":"Corno Nero","name:de":"Schwarzhorn","name:fr":"Tête Noire","natural":"peak","source":"Carta Tecnica Regione VDA","wikidata":"Q30429","wikipedia":"it:Corno Nero (Alpi Pennine)"},"geometry":{"type":"Point","coordinates":[7.8619768,45.914971]}},
{"type":"Feature","id":"node/367510882","properties":{"@id":"node/367510882","ele":"3431","name":"Petit Mont Blanc","natural":"peak","source":"Carta Tecnica Regione VDA","wikidata":"Q31616758"},"geometry":{"type":"Point","coordinates":[6.8329652,45.7917719]}},
{"type":"Feature","id":"node/367945270","properties":{"@id":"node/367945270","ele":"3686","name":"Monte Gruetta","name:fr":"Mont Gruetta","natural":"peak","wikidata":"Q3861038","wikipedia":"it:Mont Greuvetta"},"geometry":{"type":"Point","coordinates":[7.0209502,45.8842279]}},
{"type":"Feature","id":"node/367945279","properties":{"@id":"node/367945279","ele":"3650","name":"Petites Jorasses","name:fr":"Petites Jorasses","name:it":"Petites Jorasses","natural":"peak","wikidata":"Q3900992","wikipedia":"it:Petites Jorasses"},"geometry":{"type":"Point","coordinates":[7.0026095,45.8817052]}},
{"type":"Feature","id":"node/367945311","properties":{"@id":"node/367945311","ele":"4098","name":"Aiguille Blanche de Peuterey - Nord","natural":"peak","sources":"Carta Tecnica Regione VDA","wikidata":"Q30472","wikipedia":"it:Aiguille Blanche de Peuterey"},"geometry":{"type":"Point","coordinates":[6.8812639,45.8237506]}},
{"type":"Feature","id":"node/367945312","properties":{"@id":"node/367945312","ele":"3772","name":"Aiguille Noire de Peuterey","natural":"peak","sources":"Carta Tecnica Regione VDA","wikidata":"Q404650","wikipedia":"it:Aiguille Noire de Peuterey"},"geometry":{"type":"Point","coordinates":[6.8934033,45.8151823]}},
{"type":"Feature","id":"node/367945331","properties":{"@id":"node/367945331","ele":"3353","name":"Aiguille Brouillard","natural":"peak"},"geometry":{"type":"Point","coordinates":[6.8600713,45.8065584]}},
{"type":"Feature","id":"node/390988950","properties":{"@id":"node/390988950","alt_name:fr":"Pointe des Ouillons","ele":"3111","name":"Mont de la Fourclaz","natural":"peak","source":"Carta Tecnica Regione VDA","wikidata":"Q130459591"},"geometry":{"type":"Point","coordinates":[6.808731,45.7250446]}},
{"type":"Feature","id":"node/393169669","properties":{"@id":"node/393169669","ele":"3710","name":"Tête Blanche","natural":"peak","source":"Carta Tecnica Regione VDA","summit:cross":"yes","wikidata":"Q674392","wikipedia":"it:Tête Blanche (Alpi Pennine)"},"geometry":{"type":"Point","coordinates":[7.5753265,45.9865879]}},
{"type":"Feature","id":"node/393171421","properties":{"@id":"node/393171421","ele":"4479","name":"Liskamm Westgipfel","name:fr":"Liksamm Occidental","name:it":"Lyskamm Occidentale","natural":"peak","wikidata":"Q2575023","wikipedia":"it:Lyskamm Occidentale"},"geometry":{"type":"Point","coordinates":[7.8232338,45.926495]}},
{"type":"Feature","id":"node/393756490","properties":{"@id":"node/393756490","ele":"3277","name":"Ormelune / Pointe d'Archeboc","name:fr":"Pointe d'Archeboc","name:it":"Ormelune","natural":"peak","wikidata":"Q3886053","wikipedia":"fr:Pointe d'Archeboc"},"geometry":{"type":"Point","coordinates":[6.9805825,45.5833904]}},
{"type":"Feature","id":"node/393798187","properties":{"@id":"node/393798187","ele":"3222","name":"Roc de Bassagne","natural":"peak","source":"cadastre-dgi-fr source : Direction Générale des Impôts - Cadastre. Mise à jour : 2009","wikidata":"Q131278962"},"geometry":{"type":"Point","coordinates":[7.0888011,45.4708633]}},
{"type":"Feature","id":"node/393798416","properties":{"@id":"node/393798416","ele":"3469","name":"Pointe Sud du Couart Dessus","name:fr":"Pointe Sud du Couart Dessus","natural":"peak","source":"cadastre-dgi-fr source : Direction Générale des Impôts - Cadastre. Mise à jour : 2009"},"geometry":{"type":"Point","coordinates":[7.0486167,45.472447]}},
{"type":"Feature","id":"node/401234280","properties":{"@id":"node/401234280","ele":"4342","name":"Ludwigshöhe","natural":"peak","source":"GPS survey 2010.09.05","wikidata":"Q30423","wikipedia":"it:Ludwigshöhe"},"geometry":{"type":"Point","coordinates":[7.8634831,45.916714]}},
{"type":"Feature","id":"node/481169472","properties":{"@id":"node/481169472","ele":"3683","name":"Punta Nera della Grivola","natural":"peak","wikidata":"Q3925695","wikipedia":"it:Punta Nera della Grivola"},"geometry":{"type":"Point","coordinates":[7.265991,45.587331]}},
{"type":"Feature","id":"node/481169474","properties":{"@id":"node/481169474","ele":"3630","name":"Punta Rossa della Grivola","natural":"peak","pdop":"1.39","source":"PCN 2006 Ita+gps","wikidata":"Q3925720","wikipedia":"it:Punta Rossa della Grivola"},"geometry":{"type":"Point","coordinates":[7.2788428,45.5916753]}},
{"type":"Feature","id":"node/481169475","properties":{"@id":"node/481169475","ele":"3393","name":"Punta dell'Inferno","natural":"peak"},"geometry":{"type":"Point","coordinates":[7.2768869,45.5693295]}},
{"type":"Feature","id":"node/481169498","properties":{"@id":"node/481169498","ele":"3552","name":"Gran Serra","natural":"peak","wikidata":"Q3774957","wikipedia":"it:Gran Serra"},"geometry":{"type":"Point","coordinates":[7.284907,45.5562212]}},
{"type":"Feature","id":"node/482411233","properties":{"@id":"node/482411233","ele":"3838","name":"Becca di Montandayné","natural":"peak","wikidata":"Q3637376","wikipedia":"it:Becca di Montandayné"},"geometry":{"type":"Point","coordinates":[7.269954,45.5324269]}},
{"type":"Feature","id":"node/482415673","properties":{"@id":"node/482415673","ele":"3642","name":"Ciarforon","natural":"peak","wikidata":"Q2381134","wikipedia":"it:Ciarforon"},"geometry":{"type":"Point","coordinates":[7.2472324,45.4938986]}},
{"type":"Feature","id":"node/482416173","properties":{"@id":"node/482416173","ele":"3545","name":"Becca di Monciair","natural":"peak","source":"Carta Tecnica Regione VDA","wikidata":"Q1820626","wikipedia":"it:Becca di Monciair"},"geometry":{"type":"Point","coordinates":[7.2353836,45.4850228]}},
{"type":"Feature","id":"node/482416717","properties":{"@id":"node/482416717","ele":"3894","name":"Cresta Gastaldi","natural":"peak","wikidata":"Q3697087","wikipedia":"it:Cresta Gastaldi"},"geometry":{"type":"Point","coordinates":[7.2753397,45.5141131]}},
{"type":"Feature","id":"node/483087118","properties":{"@id":"node/483087118","ele":"3777","name":"Punta di Ceresole","natural":"peak","wikidata":"Q3925757","wikipedia":"it:Punta di Ceresole"},"geometry":{"type":"Point","coordinates":[7.2852105,45.5131111]}},
{"type":"Feature","id":"node/483087121","properties":{"@id":"node/483087121","ele":"3562","name":"Testa di Valnontey","natural":"peak","source":"Carta Tecnica Regione VDA"},"geometry":{"type":"Point","coordinates":[7.3014386,45.5174629]}},
{"type":"Feature","id":"node/483087122","properties":{"@id":"node/483087122","ele":"3621","name":"Becca di Gay","natural":"peak","wikidata":"Q587118","wikipedia":"it:Becca di Gay"},"geometry":{"type":"Point","coordinates":[7.320738,45.5142311]}},
{"type":"Feature","id":"node/483087124","properties":{"@id":"node/483087124","ele":"3650","name":"Roccia Viva","name:fr":"Monte Roccia Viva","natural":"peak","wikidata":"Q3939538","wikipedia":"it:Roccia Viva (montagna)"},"geometry":{"type":"Point","coordinates":[7.3295151,45.5191915]}},
{"type":"Feature","id":"node/483087133","properties":{"@id":"node/483087133","ele":"3492","name":"Punta d'Ondezana","natural":"peak","wikidata":"Q3925697","wikipedia":"it:Punta Ondezana"},"geometry":{"type":"Point","coordinates":[7.3702093,45.5177701]}},
{"type":"Feature","id":"node/485933267","properties":{"@id":"node/485933267","alt_name":"Pointe des Seinges","ele":"3408","loc_name":"Pointe di Seindze","name":"Punta delle Sengie","natural":"peak","wikidata":"Q3925756","wikimedia_commons":"Category:Punta delle Sengie","wikipedia":"it:Punta delle Sengie"},"geometry":{"type":"Point","coordinates":[7.3962105,45.5318781]}},
{"type":"Feature","id":"node/485933272","properties":{"@id":"node/485933272","alt_name":"Punta Tsissetta","ele":"3419","name":"Punta Cissetta","natural":"peak","source":"Carta Tecnica Regione VDA"},"geometry":{"type":"Point","coordinates":[7.3592503,45.5475604]}},
{"type":"Feature","id":"node/485933276","properties":{"@id":"node/485933276","ele":"3053","man_made":"cross","name":"Punta Fenilia","name:fr":"Pointe Feniliaz","natural":"peak","source":"pcn2006+gps","summit:cross":"yes"},"geometry":{"type":"Point","coordinates":[7.3592856,45.574155]}},
{"type":"Feature","id":"node/485934828","properties":{"@id":"node/485934828","alt_name":"Pène Blanche Sud","ele":"3581","name":"Punta Patrì Meridionale","natural":"peak","wikidata":"Q3925789","wikipedia":"it:Punte Patrì"},"geometry":{"type":"Point","coordinates":[7.3590232,45.5403943]}},
{"type":"Feature","id":"node/485934830","properties":{"@id":"node/485934830","alt_name":"Pène Blanche Nord","ele":"3561","name":"Punta Patrì Settentrionale","natural":"peak","wikidata":"Q3925789","wikipedia":"it:Punte Patrì"},"geometry":{"type":"Point","coordinates":[7.3601339,45.5419057]}},
{"type":"Feature","id":"node/503688535","properties":{"@id":"node/503688535","ele":"3658","name":"Pointe de Pré de Bar Est","natural":"peak","source":"Carta Tecnica Regione VDA"},"geometry":{"type":"Point","coordinates":[7.03817,45.9212942]}},
{"type":"Feature","id":"node/503688816","properties":{"@id":"node/503688816","ele":"4065","name":"Pointe Marguerite / Punta Margherita","name:fr":"Pointe Marguerite","name:it":"Punta Margherita","natural":"peak","wikidata":"Q3925690","wikipedia":"it:Punta Margherita (Grandes Jorasses)"},"geometry":{"type":"Point","coordinates":[6.9778602,45.8685716]}},
{"type":"Feature","id":"node/702795367","properties":{"@id":"node/702795367","ele":"3060","name":"Testa Grisa","natural":"peak"},"geometry":{"type":"Point","coordinates":[7.2282496,45.8919395]}},
{"type":"Feature","id":"node/726043999","properties":{"@id":"node/726043999","ele":"3007","name":"Mont Avic","natural":"peak","wikidata":"Q3321677","wikipedia":"it:Mont Avic"},"geometry":{"type":"Point","coordinates":[7.555119,45.6767791]}},
{"type":"Feature","id":"node/808543806","properties":{"@id":"node/808543806","ele":"3731","name":"Punta Innominata","natural":"peak","sources":"Carta Tecnica Regione VDA","wikidata":"Q3925678","wikipedia":"it:Punta Innominata"},"geometry":{"type":"Point","coordinates":[6.8764093,45.816311]}},
{"type":"Feature","id":"node/808543830","properties":{"@id":"node/808543830","ele":"3256","name":"Aiguille Croux","natural":"peak","sources":"Carta Tecnica Regione VDA","wikidata":"Q124831309"},"geometry":{"type":"Point","coordinates":[6.8850697,45.8107123]}},
{"type":"Feature","id":"node/808543881","properties":{"@id":"node/808543881","ele":"4013","name":"Pointe Baretti","natural":"peak","wikidata":"Q30546","wikipedia":"it:Punta Baretti"},"geometry":{"type":"Point","coordinates":[6.8634591,45.8143763]}},
{"type":"Feature","id":"node/808543911","properties":{"@id":"node/808543911","ele":"4243","name":"Grand Pilier d'Angle","natural":"peak","sources":"Carta Tecnica Regione VDA","wikidata":"Q30441","wikipedia":"fr:Grand Pilier d'Angle"},"geometry":{"type":"Point","coordinates":[6.8797936,45.8278518]}},
{"type":"Feature","id":"node/808544029","properties":{"@id":"node/808544029","ele":"4069","name":"Mont Brouillard","natural":"peak","wikidata":"Q30488","wikipedia":"it:Monte Brouillard"},"geometry":{"type":"Point","coordinates":[6.8650195,45.8175982]}},
{"type":"Feature","id":"node/808544051","properties":{"@id":"node/808544051","ele":"4460","name":"Picco Luigi Amedeo","name:fr":"Pic Louis Amédée","natural":"peak","sources":"Carta Tecnica Regione VDA","wikidata":"Q30411","wikipedia":"it:Picco Luigi Amedeo"},"geometry":{"type":"Point","coordinates":[6.8651312,45.8219084]}},
{"type":"Feature","id":"node/852632164","properties":{"@id":"node/852632164","ele":"4335","name":"Cima di Scoperta","name:it":"Cima di Scoperta","natural":"peak"},"geometry":{"type":"Point","coordinates":[7.8436885,45.9217384]}},
{"type":"Feature","id":"node/917996634","properties":{"@id":"node/917996634","ele":"4215","name":"Piramide Vincent","name:fr":"Pyramide Vincent","natural":"peak","source":"gps","wikidata":"Q30450","wikipedia":"it:Piramide Vincent"},"geometry":{"type":"Point","coordinates":[7.8613073,45.908111]}},
{"type":"Feature","id":"node/943819446","properties":{"@id":"node/943819446","ele":"3094","name":"Monte Poudzo","natural":"peak","source":"Carta Tecnica Regione VDA"},"geometry":{"type":"Point","coordinates":[7.5256606,45.8931724]}},
{"type":"Feature","id":"node/943826720","properties":{"@id":"node/943826720","ele":"3802","name":"Tête de Valpelline","natural":"peak","wikidata":"Q674422","wikipedia":"it:Tête de Valpelline"},"geometry":{"type":"Point","coordinates":[7.5816651,45.9746182]}},
{"type":"Feature","id":"node/943833550","properties":{"@id":"node/943833550","ele":"3591","name":"Mont Brûlé","natural":"peak","wikidata":"Q2047495","wikipedia":"it:Monte Brulé"},"geometry":{"type":"Point","coordinates":[7.5383578,45.9549494]}},
{"type":"Feature","id":"node/943957754","properties":{"@id":"node/943957754","ele":"3129","name":"Aroletta Settentrionale - Cime Nord","natural":"peak"},"geometry":{"type":"Point","coordinates":[7.3838952,45.891873]}},
{"type":"Feature","id":"node/943957769","properties":{"@id":"node/943957769","ele":"3401","name":"Becca di Chardonney Ovest","natural":"peak","source":"Carta Tecnica Regione VDA","wikidata":"Q3637371","wikipedia":"it:Becca di Chardoney"},"geometry":{"type":"Point","coordinates":[7.4075434,45.9084616]}},
{"type":"Feature","id":"node/943981250","properties":{"@id":"node/943981250","ele":"3201","name":"Aiguille de Bonalex","natural":"peak","wikidata":"Q135471475"},"geometry":{"type":"Point","coordinates":[7.0711808,45.8228001]}},
{"type":"Feature","id":"node/944011830","properties":{"@id":"node/944011830","ele":"3323","name":"Punta Salliaousa","natural":"peak"},"geometry":{"type":"Point","coordinates":[7.2555261,45.8694402]}},
{"type":"Feature","id":"node/963245146","properties":{"@id":"node/963245146","ele":"3035","name":"Punta Arpisson","natural":"peak"},"geometry":{"type":"Point","coordinates":[7.3612616,45.6416475]}},
{"type":"Feature","id":"node/963258604","properties":{"@id":"node/963258604","ele":"3092","name":"Bec Costazza","natural":"peak","summit:cross":"yes","wikidata":"Q3637345","wikipedia":"it:Bec Costazza"},"geometry":{"type":"Point","coordinates":[7.5044692,45.5934498]}},
{"type":"Feature","id":"node/963267829","properties":{"@id":"node/963267829","ele":"3186","name":"Becca di Tei","natural":"peak","source":"Carta Tecnica Regione VDA"},"geometry":{"type":"Point","coordinates":[7.0953663,45.5865596]}},
{"type":"Feature","id":"node/963294692","properties":{"@id":"node/963294692","ele":"3304","name":"Becca di Tos","natural":"peak","source":"Carta Tecnica Regione VDA"},"geometry":{"type":"Point","coordinates":[7.1067546,45.6298943]}},
{"type":"Feature","id":"node/963294699","properties":{"@id":"node/963294699","ele":"3214","name":"Punta della Luetta o Tzaboc","natural":"peak"},"geometry":{"type":"Point","coordinates":[7.1065684,45.6186122]}},
{"type":"Feature","id":"node/963368362","properties":{"@id":"node/963368362","ele":"3606","name":"Becco della Pazienza","natural":"peak","wikidata":"Q9168245"},"geometry":{"type":"Point","coordinates":[7.3354528,45.5215923]}},
{"type":"Feature","id":"node/963368380","properties":{"@id":"node/963368380","ele":"3408","name":"Le Château-Blanc","natural":"peak","source":"Carta Tecnica Regione VDA","wikidata":"Q3861445","wikipedia":"it:Monte Château Blanc"},"geometry":{"type":"Point","coordinates":[7.0241515,45.6400111]}},
{"type":"Feature","id":"node/963399591","properties":{"@id":"node/963399591","ele":"3425","name":"Cima di Entrelor","natural":"peak","source":"GPS+PCN 2006","wikidata":"Q3676822","wikipedia":"it:Cima di Entrelor"},"geometry":{"type":"Point","coordinates":[7.1507473,45.5295119]}},
{"type":"Feature","id":"node/964750460","properties":{"@id":"node/964750460","ele":"3875","name":"Becca di Montcorvè","natural":"peak","source":"Carta Tecnica Regione VDA","wikidata":"Q3637374","wikipedia":"it:Becca di Moncorvè"},"geometry":{"type":"Point","coordinates":[7.266472,45.5119396]}},
{"type":"Feature","id":"node/964750462","properties":{"@id":"node/964750462","ele":"3926","name":"Piccolo Paradiso","name:fr":"Petit Paradis","name:it":"Piccolo Paradiso","natural":"peak","wikidata":"Q3902635","wikipedia":"it:Piccolo Paradiso"},"geometry":{"type":"Point","coordinates":[7.2686925,45.5215437]}},
{"type":"Feature","id":"node/964750463","properties":{"@id":"node/964750463","ele":"3793","name":"Punta Bianca della Grivola","natural":"peak","wikidata":"Q11831815","wikipedia":"it:Punta Bianca della Grivola"},"geometry":{"type":"Point","coordinates":[7.2579046,45.5878881]}},
{"type":"Feature","id":"node/964750464","properties":{"@id":"node/964750464","ele":"3601","name":"Tsanteleina","name:fr":"Tsanteleina","name:it":"Tsanteleina","natural":"peak","wikidata":"Q3999930","wikipedia":"it:Tsanteleina"},"geometry":{"type":"Point","coordinates":[7.0459805,45.4795237]}},
{"type":"Feature","id":"node/964750466","properties":{"@id":"node/964750466","ele":"3607","name":"Grande Rousse Nord","natural":"peak","source":"Carta Tecnica Regione VDA","wikidata":"Q3775583","wikipedia":"it:Grande Rousse"},"geometry":{"type":"Point","coordinates":[7.0844648,45.5636482]}},
{"type":"Feature","id":"node/964750474","properties":{"@id":"node/964750474","ele":"3651","name":"Torre di Sant'Andrea Nord","natural":"peak","wikidata":"Q3995621","wikipedia":"it:Torre di Sant'Andrea (Alpi Graie)"},"geometry":{"type":"Point","coordinates":[7.3600327,45.5282265]}},
{"type":"Feature","id":"node/964750479","properties":{"@id":"node/964750479","ele":"3618","name":"Torre di Sant'Orso","natural":"peak","wikidata":"Q9360232","wikipedia":"it:Torre di Sant'Orso"},"geometry":{"type":"Point","coordinates":[7.3601504,45.5310899]}},
{"type":"Feature","id":"node/965910393","properties":{"@id":"node/965910393","ele":"3004","name":"Punta Miserino","natural":"peak","source":"Carta Tecnica Regione VDA"},"geometry":{"type":"Point","coordinates":[7.4769671,45.579186]}},
{"type":"Feature","id":"node/965917900","properties":{"@id":"node/965917900","ele":"3301","name":"Mont Paramont","natural":"peak","wikidata":"Q1976492","wikipedia":"it:Monte Paramont"},"geometry":{"type":"Point","coordinates":[7.0283457,45.6715455]}},
{"type":"Feature","id":"node/965917903","properties":{"@id":"node/965917903","ele":"3140","name":"Testa del Paramont","name:fr":"Tête de Paramont","natural":"peak","sources":"Carta Tecnica Regione VDA"},"geometry":{"type":"Point","coordinates":[7.0197319,45.6775697]}},
{"type":"Feature","id":"node/965917907","properties":{"@id":"node/965917907","ele":"3033","name":"Mont Monchette","natural":"peak","sources":"Carta Tecnica Regione VDA"},"geometry":{"type":"Point","coordinates":[7.0116666,45.6864033]}},
{"type":"Feature","id":"node/966148309","properties":{"@id":"node/966148309","ele":"3496","name":"Grande Traversière","natural":"peak","wikidata":"Q3775592","wikipedia":"it:Grande Traversière"},"geometry":{"type":"Point","coordinates":[7.0561728,45.5227433]}},
{"type":"Feature","id":"node/966148310","properties":{"@id":"node/966148310","ele":"3387","name":"Punta Bassac Nord","natural":"peak"},"geometry":{"type":"Point","coordinates":[7.0600212,45.5373764]}},
{"type":"Feature","id":"node/966148311","properties":{"@id":"node/966148311","ele":"3461","name":"Punta Bassac Sud","natural":"peak","source":"Carta Tecnica Regione VDA"},"geometry":{"type":"Point","coordinates":[7.0507047,45.5202844]}},
{"type":"Feature","id":"node/966203435","properties":{"@id":"node/966203435","ele":"3071","name":"Grand Créton","natural":"peak","source":"Carta Tecnica Regione VDA"},"geometry":{"type":"Point","coordinates":[7.089248,45.8279721]}},
{"type":"Feature","id":"node/967035588","properties":{"@id":"node/967035588","ele":"3337","name":"Becca La Traversière / Pointe de la Traversière","name:fr":"Pointe de la Traversière","name:it":"Becca La Traversière","natural":"peak","summit:cross":"yes","tourism":"viewpoint","wikidata":"Q3637370","wikipedia":"it:Becca della Traversière"},"geometry":{"type":"Point","coordinates":[7.0448419,45.4973703]}},
{"type":"Feature","id":"node/967035596","properties":{"@id":"node/967035596","ele":"3256","name":"Pointe de la Golette","name:fr":"Pointe de la Golette","natural":"peak","wikidata":"Q132201306"},"geometry":{"type":"Point","coordinates":[7.0554779,45.4876665]}},
{"type":"Feature","id":"node/967043258","properties":{"@id":"node/967043258","ele":"3337","name":"Punta Bouson","natural":"peak","source":"Carta Tecnica Regione VDA"},"geometry":{"type":"Point","coordinates":[7.1104418,45.4703792]}},
{"type":"Feature","id":"node/967043260","properties":{"@id":"node/967043260","ele":"3346","name":"Pointe de la Galise / Punta di Galisia","name:fr":"Pointe de la Galise","name:it":"Punta di Galisia","natural":"peak","wikidata":"Q3736583","wikipedia":"it:Punta di Galisia"},"geometry":{"type":"Point","coordinates":[7.1044364,45.4669522]}},
{"type":"Feature","id":"node/967054957","properties":{"@id":"node/967054957","ele":"3238","name":"Punta del Leynir","natural":"peak","source":"PCN 2006","wikidata":"Q60167739"},"geometry":{"type":"Point","coordinates":[7.1373941,45.516479]}},
{"type":"Feature","id":"node/967792819","properties":{"@id":"node/967792819","ele":"3146","name":"Mont Rafrey","natural":"peak","source":"pcn2006+gps"},"geometry":{"type":"Point","coordinates":[7.511353,45.6475339]}},
{"type":"Feature","id":"node/969080657","properties":{"@id":"node/969080657","ele":"3361","name":"Becca de la Vanette","natural":"peak","wikidata":"Q3637368","wikipedia":"it:Becca Vannetta"},"geometry":{"type":"Point","coordinates":[7.5132514,45.9427656]}},
{"type":"Feature","id":"node/969080660","properties":{"@id":"node/969080660","ele":"3361","name":"Grande Vanne","natural":"peak"},"geometry":{"type":"Point","coordinates":[7.5242007,45.9361977]}},
{"type":"Feature","id":"node/969086917","properties":{"@id":"node/969086917","ele":"3631","name":"Punta Budden","natural":"peak","wikidata":"Q3925650","wikipedia":"it:Punta Budden (Alpi Pennine)"},"geometry":{"type":"Point","coordinates":[7.586108,45.9342412]}},
{"type":"Feature","id":"node/969097221","properties":{"@id":"node/969097221","ele":"3409","name":"Mont Blanc du Créton","natural":"peak","wikidata":"Q3861035","wikipedia":"it:Mont Blanc du Créton"},"geometry":{"type":"Point","coordinates":[7.5853247,45.9182534]}},
{"type":"Feature","id":"node/969128974","properties":{"@id":"node/969128974","ele":"3007","name":"Mont Dzalou","natural":"peak","source":"bing+gps"},"geometry":{"type":"Point","coordinates":[7.4923479,45.8859088]}},
{"type":"Feature","id":"node/971046508","properties":{"@id":"node/971046508","ele":"3205","name":"Monte Pisonet","natural":"peak","source":"Carta Tecnica Regione VDA"},"geometry":{"type":"Point","coordinates":[7.4679337,45.838207]}},
{"type":"Feature","id":"node/971046509","properties":{"@id":"node/971046509","ele":"3130","name":"Becca d'Aquelou","natural":"peak","source":"Carta Tecnica Regione VDA"},"geometry":{"type":"Point","coordinates":[7.449393,45.8456959]}},
{"type":"Feature","id":"node/975988970","properties":{"@id":"node/975988970","ele":"3448","name":"Punta Garin","natural":"peak","source":"Carta Tecnica Regione VDA","wikidata":"Q3925670","wikipedia":"it:Punta Garin"},"geometry":{"type":"Point","coordinates":[7.3773186,45.6552727]}},
{"type":"Feature","id":"node/975988979","properties":{"@id":"node/975988979","ele":"3240","name":"Mont Grauson","natural":"peak","wikidata":"Q3861612","wikipedia":"it:Monte Grauson"},"geometry":{"type":"Point","coordinates":[7.3937818,45.6496904]}},
{"type":"Feature","id":"node/976009485","properties":{"@id":"node/976009485","ele":"3231","name":"Punte Coppi","name:fr":"Pointes Coupèes d'Arpisson","natural":"peak"},"geometry":{"type":"Point","coordinates":[7.3712209,45.6455896]}},
{"type":"Feature","id":"node/976009487","properties":{"@id":"node/976009487","ele":"3258","name":"Punta Fleurie","natural":"peak","source":"Carta Tecnica Regione VDA"},"geometry":{"type":"Point","coordinates":[7.376971,45.6501876]}},
{"type":"Feature","id":"node/976034857","properties":{"@id":"node/976034857","ele":"3264","name":"Punta Tessonet","name:fr":"Pointe Tessonet","natural":"peak","source":"Carta Tecnica Regione VDA"},"geometry":{"type":"Point","coordinates":[7.4644238,45.6336744]}},
{"type":"Feature","id":"node/985132891","properties":{"@id":"node/985132891","ele":"3427","name":"Punta Bianca","natural":"peak","source":"Carta Tecnica Regione VDA"},"geometry":{"type":"Point","coordinates":[7.1667595,45.5865726]}},
{"type":"Feature","id":"node/985132919","properties":{"@id":"node/985132919","ele":"3384","name":"Monte Rolettaz","natural":"peak"},"geometry":{"type":"Point","coordinates":[7.1664362,45.5725411]}},
{"type":"Feature","id":"node/985193580","properties":{"@id":"node/985193580","ele":"3414","name":"Punta di Bioula","natural":"peak","wikidata":"Q3925753","wikipedia":"it:Punta di Bioula"},"geometry":{"type":"Point","coordinates":[7.1729912,45.6031183]}},
{"type":"Feature","id":"node/1273221766","properties":{"@id":"node/1273221766","ele":"3015","name":"Becca Torché","natural":"peak","note":"croce di vetta sistemata a settebre 2013","summit:cross":"yes","wikidata":"Q31645391"},"geometry":{"type":"Point","coordinates":[7.7859007,45.6905431]}},
{"type":"Feature","id":"node/1278957309","properties":{"@id":"node/1278957309","alt_name":"Falconetta","ele":"3010","name":"Becca di Nana","natural":"peak","wikidata":"Q3637375","wikipedia":"it:Becca di Nana"},"geometry":{"type":"Point","coordinates":[7.6845769,45.8491827]}},
{"type":"Feature","id":"node/1290254021","properties":{"@id":"node/1290254021","ele":"3032","name":"Becca Trecaré","natural":"peak","wikidata":"Q16531691","wikipedia":"it:Becca Trecare"},"geometry":{"type":"Point","coordinates":[7.6763445,45.8580191]}},
{"type":"Feature","id":"node/1290254281","properties":{"@id":"node/1290254281","ele":"3334","name":"Mont Roisetta (Punta Nord)","natural":"peak","wikidata":"Q3861910","wikipedia":"it:Monte Roisetta"},"geometry":{"type":"Point","coordinates":[7.6809934,45.8872273]}},
{"type":"Feature","id":"node/1291363819","properties":{"@id":"node/1291363819","alt_name":"Chalberhore","ele":"3057","name":"Corno Vitello","natural":"peak","wikidata":"Q19545347","wikipedia":"it:Corno Vitello"},"geometry":{"type":"Point","coordinates":[7.788517,45.8044802]}},
{"type":"Feature","id":"node/1292039324","properties":{"@id":"node/1292039324","ele":"3023","name":"Corno Bussola","natural":"peak","summit:cross":"no","summit:register":"no","wikidata":"Q3693758","wikipedia":"it:Corno Bussola"},"geometry":{"type":"Point","coordinates":[7.7367099,45.7956693]}},
{"type":"Feature","id":"node/1308004907","properties":{"@id":"node/1308004907","cross":"yes","ele":"3371","name":"Grand Tournalin - Punta Sud","natural":"peak","source":"survey;gnss","source:date":"2025-08-24"},"geometry":{"type":"Point","coordinates":[7.6872562,45.8712043]}},
{"type":"Feature","id":"node/1308005106","properties":{"@id":"node/1308005106","cross":"yes","ele":"3207","name":"Petit Tournalin","natural":"peak","wikidata":"Q16589794","wikipedia":"it:Petit Tournalin"},"geometry":{"type":"Point","coordinates":[7.6842609,45.86518]}},
{"type":"Feature","id":"node/1311870882","properties":{"@id":"node/1311870882","ele":"3142","name":"Becca di Nona","natural":"peak","source":"GPS","wikidata":"Q963929","wikipedia":"it:Becca di Nona"},"geometry":{"type":"Point","coordinates":[7.3657395,45.6871866]}},
{"type":"Feature","id":"node/1314469588","properties":{"@id":"node/1314469588","alt_name":"Vluhuare","ele":"3032","name":"Becca di Vlou","natural":"peak","source":"gps","wikidata":"Q31645378"},"geometry":{"type":"Point","coordinates":[7.7919504,45.6915777]}},
{"type":"Feature","id":"node/1328522821","properties":{"@id":"node/1328522821","alt_name":"Blach","ele":"3035","name":"Piccolo Rothorn","natural":"peak"},"geometry":{"type":"Point","coordinates":[7.7913843,45.8452744]}},
{"type":"Feature","id":"node/1328522839","properties":{"@id":"node/1328522839","ele":"3152","name":"Rothorn","natural":"peak","wikidata":"Q3861927","wikipedia":"it:Monte Rothorn"},"geometry":{"type":"Point","coordinates":[7.7852616,45.8441101]}},
{"type":"Feature","id":"node/1328595052","properties":{"@id":"node/1328595052","ele":"3034","name":"Monte Rosso Di Verra","natural":"peak","source":"gps"},"geometry":{"type":"Point","coordinates":[7.7650406,45.8832584]}},
{"type":"Feature","id":"node/1351061369","properties":{"@id":"node/1351061369","alt_name":"Hochliecht","ele":"3184","name":"Alta Luce","natural":"peak","source":"pcn2006+gps","wikidata":"Q110448242","wikipedia":"it:Alta Luce"},"geometry":{"type":"Point","coordinates":[7.8346981,45.8832951]}},
{"type":"Feature","id":"node/1356298379","properties":{"@id":"node/1356298379","ele":"4159","name":"Breithorn Centrale","name:de":"Breithorn Mittelgipfel","name:it":"Breithorn Centrale","natural":"peak","wikidata":"Q2629296","wikipedia":"it:Breithorn Centrale"},"geometry":{"type":"Point","coordinates":[7.7567727,45.9387743]}},
{"type":"Feature","id":"node/1356298439","properties":{"@id":"node/1356298439","ele":"4139","name":"Breithorn Orientale / Ostgipfel","name:de":"Westlicher Breithornzwilling","name:it":"Breithorn Orientale","natural":"peak","wikidata":"Q2629275","wikipedia":"it:Breithorn Orientale"},"geometry":{"type":"Point","coordinates":[7.76711,45.9374994]}},
{"type":"Feature","id":"node/1356298568","properties":{"@id":"node/1356298568","ele":"4075","name":"Roccia Nera","name:de":"Schwarzfluh","name:fr":"Rocher Noir","name:it":"Roccia Nera","natural":"peak","wikidata":"Q2620095","wikipedia":"it:Roccia Nera"},"geometry":{"type":"Point","coordinates":[7.7751313,45.9327037]}},
{"type":"Feature","id":"node/1356298598","properties":{"@id":"node/1356298598","ele":"4106","name":"Gemello del Breithorn","name:de":"Östlicher Breithornzwilling","natural":"peak","source":"pcn2006+gps","wikidata":"Q2629309","wikipedia":"it:Breithornzwillinge"},"geometry":{"type":"Point","coordinates":[7.7703575,45.9358378]}},
{"type":"Feature","id":"node/1373111429","properties":{"@id":"node/1373111429","ele":"3272","natural":"peak"},"geometry":{"type":"Point","coordinates":[7.062995,45.9110014]}},
{"type":"Feature","id":"node/1373111799","properties":{"@id":"node/1373111799","ele":"4256","natural":"peak"},"geometry":{"type":"Point","coordinates":[7.8597461,45.9201945]}},
{"type":"Feature","id":"node/1373114661","properties":{"@id":"node/1373114661","ele":"3355","name":"Pointe de la Grande Arête","natural":"peak"},"geometry":{"type":"Point","coordinates":[7.544596,45.968506]}},
{"type":"Feature","id":"node/1392904553","properties":{"@id":"node/1392904553","ele":"3056","name":"Dents de Vessona","natural":"peak","source":"Carta Tecnica Regione VDA"},"geometry":{"type":"Point","coordinates":[7.4619025,45.8337143]}},
{"type":"Feature","id":"node/1393460963","properties":{"@id":"node/1393460963","ele":"3237","name":"Becca del Merlo","natural":"peak","source":"Carta Tecnica Regione VDA"},"geometry":{"type":"Point","coordinates":[7.4708263,45.8447441]}},
{"type":"Feature","id":"node/1393460969","properties":{"@id":"node/1393460969","ele":"3144","name":"Pointe Valpellina","natural":"peak","source":"Carta Tecnica Regione VDA"},"geometry":{"type":"Point","coordinates":[7.4578902,45.8394778]}},
{"type":"Feature","id":"node/1393460977","properties":{"@id":"node/1393460977","ele":"3205","name":"Cime Nebbia","natural":"peak","source":"Carta Tecnica Regione VDA"},"geometry":{"type":"Point","coordinates":[7.4671,45.8407367]}},
{"type":"Feature","id":"node/1393986982","properties":{"@id":"node/1393986982","ele":"3324","name":"Dome du Tsan - Sud","natural":"peak"},"geometry":{"type":"Point","coordinates":[7.549158,45.8801091]}},
{"type":"Feature","id":"node/1393987001","properties":{"@id":"node/1393987001","ele":"3316","name":"Pointe de Balanselmo","natural":"peak"},"geometry":{"type":"Point","coordinates":[7.5535772,45.8891375]}},
{"type":"Feature","id":"node/1393987235","properties":{"@id":"node/1393987235","alt_name":"Pierre Plate","ele":"3049","name":"Pointe des Montagnaya","natural":"peak"},"geometry":{"type":"Point","coordinates":[7.4889045,45.8488744]}},
{"type":"Feature","id":"node/1393987247","properties":{"@id":"node/1393987247","ele":"3322","name":"Pointe du Tsan","natural":"peak","summit:cross":"yes"},"geometry":{"type":"Point","coordinates":[7.5505575,45.8764055]}},
{"type":"Feature","id":"node/1393987248","properties":{"@id":"node/1393987248","ele":"3349","name":"Dome du Tsan - Nord","natural":"peak"},"geometry":{"type":"Point","coordinates":[7.5514853,45.8825644]}},
{"type":"Feature","id":"node/1393987255","properties":{"@id":"node/1393987255","ele":"3000","name":"Becca des Crottes","natural":"peak"},"geometry":{"type":"Point","coordinates":[7.5245368,45.8671407]}},
{"type":"Feature","id":"node/1393987265","properties":{"@id":"node/1393987265","ele":"3295","name":"Becca des Arbiere - Centrale","natural":"peak"},"geometry":{"type":"Point","coordinates":[7.489076,45.8595633]}},
{"type":"Feature","id":"node/1393987269","properties":{"@id":"node/1393987269","ele":"3253","name":"Monte Redessau - Pointe Nord","natural":"peak","source":"Carta Tecnica Regione VDA","summit:cross":"yes"},"geometry":{"type":"Point","coordinates":[7.5269132,45.8792855]}},
{"type":"Feature","id":"node/1393987490","properties":{"@id":"node/1393987490","ele":"3311","name":"Pointe de Tsignana","natural":"peak"},"geometry":{"type":"Point","coordinates":[7.5535744,45.8858623]}},
{"type":"Feature","id":"node/1393987788","properties":{"@id":"node/1393987788","ele":"3348","name":"Dome du Tsan - Centrale","natural":"peak","wikidata":"Q3716995","wikipedia":"it:Dôme de Cian"},"geometry":{"type":"Point","coordinates":[7.5513008,45.8812645]}},
{"type":"Feature","id":"node/1393987816","properties":{"@id":"node/1393987816","ele":"3270","name":"Pointe Gianett","natural":"peak"},"geometry":{"type":"Point","coordinates":[7.5536012,45.8877059]}},
{"type":"Feature","id":"node/1393988099","properties":{"@id":"node/1393988099","ele":"3319","name":"Becca des Arbiere - Nord","natural":"peak","source":"Carta Tecnica Regione VDA"},"geometry":{"type":"Point","coordinates":[7.4912357,45.8612769]}},
{"type":"Feature","id":"node/1393988283","properties":{"@id":"node/1393988283","ele":"3292","name":"Becca des Arbiere - Sud","natural":"peak","source":"Carta Tecnica Regione VDA"},"geometry":{"type":"Point","coordinates":[7.4895725,45.8582333]}},
{"type":"Feature","id":"node/1393988398","properties":{"@id":"node/1393988398","ele":"3302","name":"Pointe Innomee","natural":"peak"},"geometry":{"type":"Point","coordinates":[7.553139,45.8849721]}},
{"type":"Feature","id":"node/1393988432","properties":{"@id":"node/1393988432","ele":"3191","name":"Pointes de Chavacour","natural":"peak"},"geometry":{"type":"Point","coordinates":[7.5371209,45.8736649]}},
{"type":"Feature","id":"node/1393988456","properties":{"@id":"node/1393988456","ele":"3237","name":"Monte Redessau - Pointe Sud","natural":"peak","source":"Carta Tecnica Regione VDA"},"geometry":{"type":"Point","coordinates":[7.5292769,45.8777543]}},
{"type":"Feature","id":"node/1393988486","properties":{"@id":"node/1393988486","ele":"3008","historic":"wayside_cross","name":"Cima Bianca","name:it":"Cima Bianca","natural":"peak","summit:cross":"yes"},"geometry":{"type":"Point","coordinates":[7.5320947,45.8529972]}},
{"type":"Feature","id":"node/1394024789","properties":{"@id":"node/1394024789","ele":"3238","name":"Pointes de Valcorniere - Nord","natural":"peak"},"geometry":{"type":"Point","coordinates":[7.5549017,45.8954631]}},
{"type":"Feature","id":"node/1394024799","properties":{"@id":"node/1394024799","ele":"3281","name":"Pic Innomee","natural":"peak"},"geometry":{"type":"Point","coordinates":[7.5538199,45.891032]}},
{"type":"Feature","id":"node/1394024820","properties":{"@id":"node/1394024820","ele":"3358","name":"Pointes des Fontanelles - Centrale","name:it":"Punta Fontanella - Centrale","natural":"peak"},"geometry":{"type":"Point","coordinates":[7.5566582,45.9065649]}},
{"type":"Feature","id":"node/1394024844","properties":{"@id":"node/1394024844","ele":"3265","name":"Pointes de Valcorniere - Centrale","natural":"peak"},"geometry":{"type":"Point","coordinates":[7.5544475,45.8933408]}},
{"type":"Feature","id":"node/1394024856","properties":{"@id":"node/1394024856","ele":"3384","name":"Pointes des Fontanelles - Sud","name:it":"Punta Fontanella - Sud","natural":"peak","wikidata":"Q3925754","wikipedia":"it:Punta di Fontanella"},"geometry":{"type":"Point","coordinates":[7.5556173,45.9059564]}},
{"type":"Feature","id":"node/1394024887","properties":{"@id":"node/1394024887","ele":"3379","name":"Pointes des Fontanelles - Nord","name:it":"Punta Fontanella - Nord","natural":"peak"},"geometry":{"type":"Point","coordinates":[7.5571569,45.9081909]}},
{"type":"Feature","id":"node/1394024888","properties":{"@id":"node/1394024888","ele":"3351","name":"Mont Dragon","name:it":"Monte Dragone","natural":"peak","wikidata":"Q31639156"},"geometry":{"type":"Point","coordinates":[7.5618418,45.911935]}},
{"type":"Feature","id":"node/1394024961","properties":{"@id":"node/1394024961","ele":"3264","name":"Pointes de Valcorniere - Sud","natural":"peak"},"geometry":{"type":"Point","coordinates":[7.5544385,45.8925428]}},
{"type":"Feature","id":"node/1430299443","properties":{"@id":"node/1430299443","ele":"3240","name":"Mont Rous","name:fr":"Mont Rouge","natural":"peak","wikidata":"Q3861041","wikipedia":"it:Mont Rous"},"geometry":{"type":"Point","coordinates":[7.5852993,45.9069907]}},
{"type":"Feature","id":"node/1456826311","properties":{"@id":"node/1456826311","ele":"3234","name":"Becca di Pré d'Amont","natural":"peak","source":"Carta Tecnica Regione VDA"},"geometry":{"type":"Point","coordinates":[7.10715,45.6029155]}},
{"type":"Feature","id":"node/1456826317","properties":{"@id":"node/1456826317","ele":"3208","name":"Punta Di Feluma","natural":"peak"},"geometry":{"type":"Point","coordinates":[7.1020111,45.6140097]}},
{"type":"Feature","id":"node/1490713552","properties":{"@id":"node/1490713552","alt_name:fr":"Pointe de Maurin","ele":"3227","name":"Pointe de Serru / Punta Maurin","name:fr":"Pointe de Serru","name:it":"Punta Maurin","natural":"peak","source":"gps","wikidata":"Q131296348"},"geometry":{"type":"Point","coordinates":[6.9953801,45.5757353]}},
{"type":"Feature","id":"node/1491693836","properties":{"@id":"node/1491693836","alt_name":"Monte Tout Blanc","ele":"3438","loc_name":"Monte Taou Blanc","name":"Monte Taou Blanc","natural":"peak","source":"GPS","summit:cross":"yes","wikidata":"Q3861042","wikipedia":"it:Mont Taou Blanc"},"geometry":{"type":"Point","coordinates":[7.1479654,45.5222511]}},
{"type":"Feature","id":"node/1496518436","properties":{"@id":"node/1496518436","ele":"3015","name":"Monte Creya","natural":"peak","source":"pcn2006+gps"},"geometry":{"type":"Point","coordinates":[7.3994717,45.622757]}},
{"type":"Feature","id":"node/1504060830","properties":{"@id":"node/1504060830","ele":"3270","name":"Punta dei Tre Cappuccini","natural":"peak","source":"PCN 2006 Ita"},"geometry":{"type":"Point","coordinates":[7.3880494,45.6715638]}},
{"type":"Feature","id":"node/1504060836","properties":{"@id":"node/1504060836","alt_name":"Punta del Valaisan","ele":"3307","name":"Mont Valaisan","natural":"peak","source":"PCN 2006 Ita"},"geometry":{"type":"Point","coordinates":[7.3758989,45.6591465]}},
{"type":"Feature","id":"node/1562997760","properties":{"@id":"node/1562997760","alt_name":"Granta Parei","ele":"3387","name":"Granta Parey","natural":"peak","note:en":"Please don't move the peak! Current position was picked due to GPS traces and PCN_2012_DOP. Bing imagery is highly distorted here, where the peak appears to be moved about 100 m to the East.","wikidata":"Q3775770","wikipedia":"it:Granta Parey"},"geometry":{"type":"Point","coordinates":[7.0651819,45.49367]}},
{"type":"Feature","id":"node/1585597929","properties":{"@id":"node/1585597929","ele":"3082","name":"Aiguille de la Belle Combe","natural":"peak","source":"Carta Tecnica Regione VDA"},"geometry":{"type":"Point","coordinates":[7.0958947,45.8491862]}},
{"type":"Feature","id":"node/1585597931","properties":{"@id":"node/1585597931","ele":"3237","name":"Grand Golliat","natural":"peak","source":"PCN 2006 Ita","wikidata":"Q2574965","wikipedia":"it:Grand Golliat"},"geometry":{"type":"Point","coordinates":[7.1009948,45.8592336]}},
{"type":"Feature","id":"node/1607482570","properties":{"@id":"node/1607482570","ele":"3069","name":"Aiguille d'Artanavaz","natural":"peak","source":"Carta Tecnica Regione VDA"},"geometry":{"type":"Point","coordinates":[7.078414,45.8334332]}},
{"type":"Feature","id":"node/1607482574","properties":{"@id":"node/1607482574","ele":"3141","name":"Aiguille De Malatra","natural":"peak","source":"Carta Tecnica Regione VDA"},"geometry":{"type":"Point","coordinates":[7.0738067,45.827103]}},
{"type":"Feature","id":"node/1607484625","properties":{"@id":"node/1607484625","ele":"3225","name":"Petit Golliat","natural":"peak","source":"Carta Tecnica Regione VDA"},"geometry":{"type":"Point","coordinates":[7.1001042,45.8556764]}},
{"type":"Feature","id":"node/1609071427","properties":{"@id":"node/1609071427","ele":"3089","name":"Aiguille de Chambave","natural":"peak","source":"Carta Tecnica Regione VDA"},"geometry":{"type":"Point","coordinates":[7.0354247,45.8090296]}},
{"type":"Feature","id":"node/1685910314","properties":{"@id":"node/1685910314","alt_name":"Punta Vallettaz","ele":"3090","name":"Punta della Valletta","natural":"peak","source":"GPS","wikidata":"Q3925732","wikipedia":"it:Punta Vallettaz"},"geometry":{"type":"Point","coordinates":[7.3402107,45.657749]}},
{"type":"Feature","id":"node/1686074823","properties":{"@id":"node/1686074823","ele":"3025","name":"Gran Cima","natural":"peak","wikidata":"Q57560720"},"geometry":{"type":"Point","coordinates":[7.7783081,45.8110612]}},
{"type":"Feature","id":"node/1707240514","properties":{"@id":"node/1707240514","alt_name":"Mont Roc","ele":"4026","name":"Il Roc","natural":"peak","source":"Carta Tecnica Regione VDA","wikidata":"Q3939361","wikipedia":"it:Roc (Gran Paradiso)"},"geometry":{"type":"Point","coordinates":[7.2695114,45.5147186]}},
{"type":"Feature","id":"node/1707240539","properties":{"@id":"node/1707240539","artwork_type":"sculpture","ele":"4058","name":"Madonna","natural":"peak","summit:cross":"yes","summit:register":"no","tourism":"artwork","wikimedia_commons":"File:Madonna Summit Gran Paradiso.JPG"},"geometry":{"type":"Point","coordinates":[7.2681477,45.5172438]}},
{"type":"Feature","id":"node/1707240659","properties":{"@id":"node/1707240659","climbing:grade:uiaa:min":"III","ele":"4057","natural":"peak"},"geometry":{"type":"Point","coordinates":[7.2684602,45.5169493]}},
{"type":"Feature","id":"node/1725081215","properties":{"@id":"node/1725081215","ele":"3120","natural":"peak"},"geometry":{"type":"Point","coordinates":[7.5495851,45.968418]}},
{"type":"Feature","id":"node/1745591454","properties":{"@id":"node/1745591454","ele":"3163","name":"Rosa dei Banchi","natural":"peak","wikidata":"Q739333","wikipedia":"it:Rosa dei Banchi"},"geometry":{"type":"Point","coordinates":[7.532095,45.577106]}},
{"type":"Feature","id":"node/1749686878","properties":{"@id":"node/1749686878","ele":"3492","name":"Furggen","name:it":"Testa della Forclaz","natural":"peak","wikidata":"Q3754744","wikipedia":"it:Furggen"},"geometry":{"type":"Point","coordinates":[7.6812583,45.9568184]}},
{"type":"Feature","id":"node/1785652045","properties":{"@id":"node/1785652045","ele":"3018","name":"Motta di Pleté Orientale","natural":"peak","wikidata":"Q3866447","wikipedia":"it:Motta di Pleté"},"geometry":{"type":"Point","coordinates":[7.6664815,45.9165158]}},
{"type":"Feature","id":"node/1798987626","properties":{"@id":"node/1798987626","ele":"4167","name":"Balmenhorn","natural":"peak","wikidata":"Q805471","wikipedia":"it:Balmenhorn"},"geometry":{"type":"Point","coordinates":[7.8581344,45.9138362]}},
{"type":"Feature","id":"node/1813728564","properties":{"@id":"node/1813728564","ele":"3367","name":"Punta di Laures","natural":"peak","wikidata":"Q3925758"},"geometry":{"type":"Point","coordinates":[7.3866014,45.6647898]}},
{"type":"Feature","id":"node/1814349940","properties":{"@id":"node/1814349940","ele":"3146","name":"Tête Bonin","natural":"peak","source":"Carta Tecnica Regione VDA"},"geometry":{"type":"Point","coordinates":[7.3434801,45.8680495]}},
{"type":"Feature","id":"node/1814350604","properties":{"@id":"node/1814350604","ele":"3301","name":"Becca Faudery","natural":"peak"},"geometry":{"type":"Point","coordinates":[7.3740675,45.8919487]}},
{"type":"Feature","id":"node/1814350827","properties":{"@id":"node/1814350827","ele":"3906","name":"Punta Perazzi - Perazzispétz","natural":"peak","note":"Riportato in name i Topoonimi che trovano nelle cartografie ufficiali Italiane: Punta Perazzi (IGM, Guida dei Monti d'Italia, ecc.), Perazzispétz (CTR VDA)","wikidata":"Q3925701","wikipedia":"it:Punta Perazzi"},"geometry":{"type":"Point","coordinates":[7.7936795,45.9116347]}},
{"type":"Feature","id":"node/2304704034","properties":{"@id":"node/2304704034","ele":"4272","name":"Naso del Liskamm","name:de":"Schneedomspitze","name:it":"Naso del Liskamm","natural":"peak","wikidata":"Q3870502"},"geometry":{"type":"Point","coordinates":[7.8350674,45.9167093]}},
{"type":"Feature","id":"node/2381820212","properties":{"@id":"node/2381820212","alt_name:fr":"Pointe du Petit","ele":"3173","name":"Grand Assaly","name:fr":"Grand Assaly","name:it":"Grand Assaly","natural":"peak","wikidata":"Q3775526","wikipedia":"it:Grand Assaly"},"geometry":{"type":"Point","coordinates":[6.9701976,45.6542259]}},
{"type":"Feature","id":"node/2397743598","properties":{"@id":"node/2397743598","ele":"3257","name":"Becca Bianca","natural":"peak"},"geometry":{"type":"Point","coordinates":[7.0243731,45.6664407]}},
{"type":"Feature","id":"node/2409782067","properties":{"@id":"node/2409782067","ele":"4041","name":"Pic Eccles","natural":"peak","sources":"Carta Tecnica Regione VDA","wikidata":"Q3382301","wikipedia":"it:Pic Eccles"},"geometry":{"type":"Point","coordinates":[6.8748036,45.8216427]}},
{"type":"Feature","id":"node/2415745404","properties":{"@id":"node/2415745404","ele":"3148","name":"Punta Loydon","name:fr":"Petit Assaly","name:it":"Punta Loydon","natural":"peak","wikidata":"Q130592116"},"geometry":{"type":"Point","coordinates":[6.9726725,45.6485279]}},
{"type":"Feature","id":"node/2415780264","properties":{"@id":"node/2415780264","ele":"3405","name":"Becca du Lac","natural":"peak","wikidata":"Q31639017"},"geometry":{"type":"Point","coordinates":[6.9966812,45.6297632]}},
{"type":"Feature","id":"node/2415780267","properties":{"@id":"node/2415780267","ele":"3150","name":"Le Goraj","name:fr":"Le Goraj","natural":"peak","wikidata":"Q131273468"},"geometry":{"type":"Point","coordinates":[6.9781522,45.5876419]}},
{"type":"Feature","id":"node/2415780271","properties":{"@id":"node/2415780271","ele":"3023","name":"Bec de Percia / Pointe du Rocher Blanc","name:fr":"Pointe du Rocher Blanc","name:it":"Bec de Percia","natural":"peak","wikidata":"Q131296332"},"geometry":{"type":"Point","coordinates":[6.9941101,45.5657544]}},
{"type":"Feature","id":"node/2415780272","properties":{"@id":"node/2415780272","ele":"3420","name":"Bec de Suessa / Pointe des Mines","name:fr":"Pointe des Mines","name:it":"Bec de Suessa","natural":"peak","wikidata":"Q3637377"},"geometry":{"type":"Point","coordinates":[6.9946939,45.5467595]}},
{"type":"Feature","id":"node/2415780273","properties":{"@id":"node/2415780273","ele":"3567","name":"Pointe des Plates des Chamois","name:fr":"Pointe des Plates des Chamois","natural":"peak","wikidata":"Q130486046"},"geometry":{"type":"Point","coordinates":[6.9912718,45.5303956]}},
{"type":"Feature","id":"node/2415780275","properties":{"@id":"node/2415780275","ele":"3672","name":"Aiguille de la Petite Sassière","name:fr":"Aiguille de la Petite Sassière","natural":"peak","wikidata":"Q49753048"},"geometry":{"type":"Point","coordinates":[7.001755,45.5121946]}},
{"type":"Feature","id":"node/2416764325","properties":{"@id":"node/2416764325","ele":"3116","name":"Cime di Gollien","natural":"peak"},"geometry":{"type":"Point","coordinates":[7.1598669,45.5524332]}},
{"type":"Feature","id":"node/2427826282","properties":{"@id":"node/2427826282","ele":"3892","name":"Aiguille de Tré-la-Tête Orientale","natural":"peak","source":"Carta Tecnica Regione VDA"},"geometry":{"type":"Point","coordinates":[6.8181647,45.7943135]}},
{"type":"Feature","id":"node/2435092612","properties":{"@id":"node/2435092612","ele":"3816","name":"Punta Lioy","natural":"peak","wikidata":"Q3925681","wikipedia":"it:Punta Lioy"},"geometry":{"type":"Point","coordinates":[7.59891,45.946942]}},
{"type":"Feature","id":"node/2437491757","properties":{"@id":"node/2437491757","ele":"3024","name":"Corno del Camoscio","natural":"peak","wikidata":"Q64825374"},"geometry":{"type":"Point","coordinates":[7.8677611,45.8731073]}},
{"type":"Feature","id":"node/2469871733","properties":{"@id":"node/2469871733","ele":"3395","name":"Punta del Tuf","natural":"peak","source":"pcn 2006+gps","wikidata":"Q114046343","wikipedia":"it:Punta del Tuf"},"geometry":{"type":"Point","coordinates":[7.2683559,45.5756986]}},
{"type":"Feature","id":"node/2472066388","properties":{"@id":"node/2472066388","ele":"3073","name":"Monte Faroma","natural":"peak","source":"pcn2006+gps","summit:cross":"yes","wikidata":"Q3861534","wikipedia":"it:Monte Faroma"},"geometry":{"type":"Point","coordinates":[7.4472812,45.8193807]}},
{"type":"Feature","id":"node/2625621396","properties":{"@id":"node/2625621396","ele":"3137","name":"Becca di Salé","natural":"peak","source":"Carta Tecnica Regione VDA"},"geometry":{"type":"Point","coordinates":[7.420079,45.6883778]}},
{"type":"Feature","id":"node/2669321329","properties":{"@id":"node/2669321329","ele":"3439","name":"Monte Doravidi Nord","natural":"peak","source":"Carta Tecnica Regione VDA"},"geometry":{"type":"Point","coordinates":[7.0232796,45.6457324]}},
{"type":"Feature","id":"node/2669321330","properties":{"@id":"node/2669321330","ele":"3439","name":"Monte Doravidi Sud","natural":"peak"},"geometry":{"type":"Point","coordinates":[7.0235263,45.6447818]}},
{"type":"Feature","id":"node/2669321331","properties":{"@id":"node/2669321331","ele":"3315","name":"Flambeau","natural":"peak","source":"Carta Tecnica Regione VDA"},"geometry":{"type":"Point","coordinates":[7.0200264,45.6528078]}},
{"type":"Feature","id":"node/2669333604","properties":{"@id":"node/2669333604","ele":"3076","name":"Becca Laugier","natural":"peak"},"geometry":{"type":"Point","coordinates":[7.1071384,45.5984246]}},
{"type":"Feature","id":"node/2739732467","properties":{"@id":"node/2739732467","ele":"3608","name":"Pointe de Pré de Bar Est","natural":"peak","source":"Carta Tecnica Regione VDA"},"geometry":{"type":"Point","coordinates":[7.0346514,45.9212068]}},
{"type":"Feature","id":"node/2741790300","properties":{"@id":"node/2741790300","ele":"3073","name":"Mont Mussaillon","natural":"peak"},"geometry":{"type":"Point","coordinates":[7.5042199,45.6153902]}},
{"type":"Feature","id":"node/2758091343","properties":{"@id":"node/2758091343","ele":"3486","name":"Testa del Rutor","natural":"peak","summit:cross":"no","summit:register":"no","wikidata":"Q1115743","wikipedia":"it:Testa del Rutor"},"geometry":{"type":"Point","coordinates":[7.0146902,45.630724]}},
{"type":"Feature","id":"node/2768320650","properties":{"@id":"node/2768320650","ele":"3024","name":"Punta della Paletta Sud","natural":"peak"},"geometry":{"type":"Point","coordinates":[7.1069258,45.5035938]}},
{"type":"Feature","id":"node/2782991698","properties":{"@id":"node/2782991698","ele":"3276","natural":"peak"},"geometry":{"type":"Point","coordinates":[7.099928,45.4694176]}},
{"type":"Feature","id":"node/2783038690","properties":{"@id":"node/2783038690","ele":"3205","name":"Becca di Giasson","natural":"peak"},"geometry":{"type":"Point","coordinates":[7.0564322,45.5534241]}},
{"type":"Feature","id":"node/2783727584","properties":{"@id":"node/2783727584","ele":"3272","name":"Punta del Ran","natural":"peak","source":"Carta Tecnica Regione VDA"},"geometry":{"type":"Point","coordinates":[7.1708288,45.6152066]}},
{"type":"Feature","id":"node/2783818125","properties":{"@id":"node/2783818125","ele":"3107","name":"Cima del Bouc","natural":"peak","source":"Carta Tecnica Regione VDA"},"geometry":{"type":"Point","coordinates":[7.0851827,45.5776649]}},
{"type":"Feature","id":"node/2783818128","properties":{"@id":"node/2783818128","ele":"3164","name":"Grand Revers","natural":"peak","source":"Carta Tecnica Regione VDA"},"geometry":{"type":"Point","coordinates":[7.1161295,45.6427158]}},
{"type":"Feature","id":"node/2783818130","properties":{"@id":"node/2783818130","ele":"3243","name":"Mont Fortchat Oriental","natural":"peak"},"geometry":{"type":"Point","coordinates":[7.0791509,45.5747529]}},
{"type":"Feature","id":"node/2783818131","properties":{"@id":"node/2783818131","ele":"3261","name":"Punta Rabuigne","natural":"peak","wikidata":"Q3925761","wikipedia":"it:Punta di Rabuigne"},"geometry":{"type":"Point","coordinates":[7.0819922,45.5736684]}},
{"type":"Feature","id":"node/2783842999","properties":{"@id":"node/2783842999","ele":"3457","name":"Becca di Fos","natural":"peak"},"geometry":{"type":"Point","coordinates":[7.0811484,45.5525726]}},
{"type":"Feature","id":"node/2783843007","properties":{"@id":"node/2783843007","ele":"3516","name":"Grande Rousse Sud","natural":"peak","source":"Carta Tecnica Regione VDA"},"geometry":{"type":"Point","coordinates":[7.0804521,45.5586325]}},
{"type":"Feature","id":"node/2783843014","properties":{"@id":"node/2783843014","ele":"3405","name":"Truc Blanc","natural":"peak","source":"Carta Tecnica Regione VDA"},"geometry":{"type":"Point","coordinates":[7.0675202,45.5449575]}},
{"type":"Feature","id":"node/2783861980","properties":{"@id":"node/2783861980","ele":"3356","name":"Punta Bassac Deré","natural":"peak","source":"Carta Tecnica Regione VDA"},"geometry":{"type":"Point","coordinates":[7.0462631,45.5109232]}},
{"type":"Feature","id":"node/2787779741","properties":{"@id":"node/2787779741","ele":"3391","name":"Anticima Di Entrelor","natural":"peak"},"geometry":{"type":"Point","coordinates":[7.1520113,45.5303279]}},
{"type":"Feature","id":"node/2787779745","properties":{"@id":"node/2787779745","ele":"3445","name":"l'Aouillie","natural":"peak","wikidata":"Q3676800","wikipedia":"it:Cima dell'Aouillé"},"geometry":{"type":"Point","coordinates":[7.1479751,45.5267401]}},
{"type":"Feature","id":"node/2787789646","properties":{"@id":"node/2787789646","ele":"3160","name":"Becca Tsambeina","natural":"peak"},"geometry":{"type":"Point","coordinates":[7.1332718,45.5369601]}},
{"type":"Feature","id":"node/3018567027","properties":{"@id":"node/3018567027","ele":"4130","natural":"peak"},"geometry":{"type":"Point","coordinates":[7.7996364,45.9170722]}},
{"type":"Feature","id":"node/3024677444","properties":{"@id":"node/3024677444","ele":"3166","name":"Gran Sometta","natural":"peak","wikidata":"Q3774959","wikipedia":"it:Gran Sometta"},"geometry":{"type":"Point","coordinates":[7.6770428,45.9143461]}},
{"type":"Feature","id":"node/3034398877","properties":{"@id":"node/3034398877","ele":"3437","name":"Mont Clapier","natural":"peak"},"geometry":{"type":"Point","coordinates":[7.3592301,45.8742872]}},
{"type":"Feature","id":"node/3034398878","properties":{"@id":"node/3034398878","ele":"3487","name":"Mont Rion Central","natural":"peak"},"geometry":{"type":"Point","coordinates":[7.3680259,45.8801986]}},
{"type":"Feature","id":"node/3034398879","properties":{"@id":"node/3034398879","ele":"3497","name":"Mont Rion Meridional","natural":"peak","source":"Carta tecnica VdA"},"geometry":{"type":"Point","coordinates":[7.3651789,45.8784431]}},
{"type":"Feature","id":"node/3034398880","properties":{"@id":"node/3034398880","ele":"3484","name":"Pointe Baratono","natural":"peak","source":"Carta Tecnica Regione VDA"},"geometry":{"type":"Point","coordinates":[7.3684672,45.8828358]}},
{"type":"Feature","id":"node/3034398882","properties":{"@id":"node/3034398882","ele":"3332","name":"Punta Fiorio","natural":"peak","source":"Carta Tecnica Regione VDA"},"geometry":{"type":"Point","coordinates":[7.3525227,45.8687395]}},
{"type":"Feature","id":"node/3034398883","properties":{"@id":"node/3034398883","ele":"3384","name":"Pointe Topham","natural":"peak","source":"Carta Tecnica Regione VDA"},"geometry":{"type":"Point","coordinates":[7.3710216,45.8862153]}},
{"type":"Feature","id":"node/3034398888","properties":{"@id":"node/3034398888","ele":"3075","name":"Mont Berrio","natural":"peak","source":"Carta Tecnica Regione VDA"},"geometry":{"type":"Point","coordinates":[7.3386451,45.8643627]}},
{"type":"Feature","id":"node/3048459567","properties":{"@id":"node/3048459567","ele":"3144","name":"Monte Chenaille","name:fr":"Mont Chénaille","natural":"peak","source":"pcn2012"},"geometry":{"type":"Point","coordinates":[7.2547841,45.8597946]}},
{"type":"Feature","id":"node/3048459568","properties":{"@id":"node/3048459568","ele":"3138","name":"Monte Chenaille - Anticima sud","natural":"peak"},"geometry":{"type":"Point","coordinates":[7.2541848,45.8590269]}},
{"type":"Feature","id":"node/3048476582","properties":{"@id":"node/3048476582","ele":"3046","name":"Testa del Gavio","natural":"peak","source":"pcn2012+gps"},"geometry":{"type":"Point","coordinates":[7.298653,45.5929902]}},
{"type":"Feature","id":"node/3050620682","properties":{"@id":"node/3050620682","ele":"3047","name":"Monte Giansana","natural":"peak"},"geometry":{"type":"Point","coordinates":[7.1956789,45.4968287]}},
{"type":"Feature","id":"node/3059077043","properties":{"@id":"node/3059077043","ele":"3208","name":"Becca Chatelet","natural":"peak"},"geometry":{"type":"Point","coordinates":[7.4615689,45.9084707]}},
{"type":"Feature","id":"node/3074770916","properties":{"@id":"node/3074770916","ele":"3046","man_made":"cross","name":"Punta Pousset","natural":"peak","summit:cross":"yes","summit:register":"yes","wikidata":"Q3925707","wikipedia":"it:Punta Pousset"},"geometry":{"type":"Point","coordinates":[7.3024333,45.6111167]}},
{"type":"Feature","id":"node/3235935282","properties":{"@id":"node/3235935282","ele":"3007","name":"Punta della Valletta - Vetta scialpinistica","natural":"peak"},"geometry":{"type":"Point","coordinates":[7.3356897,45.6543361]}},
{"type":"Feature","id":"node/3270160161","properties":{"@id":"node/3270160161","ele":"3488","name":"Grand Nomenon","natural":"peak","wikidata":"Q3775075","wikipedia":"it:Grand Nomenon"},"geometry":{"type":"Point","coordinates":[7.2365242,45.6117991]}},
{"type":"Feature","id":"node/3401534519","properties":{"@id":"node/3401534519","ele":"3489","name":"Château des Dames","natural":"peak","wikidata":"Q3676140","wikipedia":"it:Château des Dames"},"geometry":{"type":"Point","coordinates":[7.5770478,45.9161277]}},
{"type":"Feature","id":"node/3559071817","properties":{"@id":"node/3559071817","ele":"4304","importance":"regional","name":"Dôme du Goûter","name:fr":"Dôme du Goûter","name:it":"Dôme du Goûter","natural":"peak","summit:cross":"no","wikidata":"Q30434","wikipedia":"fr:Dôme du Goûter"},"geometry":{"type":"Point","coordinates":[6.8434727,45.8425807]}},
{"type":"Feature","id":"node/3627633069","properties":{"@id":"node/3627633069","ele":"3514","name":"Grivoletta","natural":"peak","wikidata":"Q3776863","wikipedia":"it:Grivoletta"},"geometry":{"type":"Point","coordinates":[7.2707296,45.6029635]}},
{"type":"Feature","id":"node/3643155765","properties":{"@id":"node/3643155765","ele":"3440","name":"Aiguille Blanche des Lacs","natural":"peak"},"geometry":{"type":"Point","coordinates":[7.4912031,45.9261485]}},
{"type":"Feature","id":"node/3643155766","properties":{"@id":"node/3643155766","ele":"3460","name":"Aiguille Rouge des Lacs","natural":"peak"},"geometry":{"type":"Point","coordinates":[7.485225,45.9270352]}},
{"type":"Feature","id":"node/3643155767","properties":{"@id":"node/3643155767","ele":"3470","name":"Becca des Lacs","natural":"peak"},"geometry":{"type":"Point","coordinates":[7.4805225,45.9285188]}},
{"type":"Feature","id":"node/3643162002","properties":{"@id":"node/3643162002","ele":"3282","name":"Becca Chardonney inf.","natural":"peak"},"geometry":{"type":"Point","coordinates":[7.4055768,45.9061642]}},
{"type":"Feature","id":"node/3643162005","properties":{"@id":"node/3643162005","alt_name":"Mont Serf","ele":"3441","name":"Monte Cervo","natural":"peak","source":"Carta Tecnica Regione VDA"},"geometry":{"type":"Point","coordinates":[7.4203512,45.906808]}},
{"type":"Feature","id":"node/3643162006","properties":{"@id":"node/3643162006","ele":"3428","name":"La Rayette","natural":"peak","source":"Carta Tecnica Regione VDA"},"geometry":{"type":"Point","coordinates":[7.418508,45.9115557]}},
{"type":"Feature","id":"node/3651057032","properties":{"@id":"node/3651057032","ele":"4241","name":"Pic Tyndall","name:fr":"Pic Tyndall","natural":"peak","source":"Carta Tecnica Regione VDA","wikidata":"Q1752180","wikipedia":"it:Pic Tyndall"},"geometry":{"type":"Point","coordinates":[7.653724,45.974293]}},
{"type":"Feature","id":"node/3668810726","properties":{"@id":"node/3668810726","alt_name":"Tête Blanche","ele":"3892","name":"Aiguille de Tré-la-Tête Nord","natural":"peak","source":"Carta Tecnica Regione VDA"},"geometry":{"type":"Point","coordinates":[6.8114176,45.7982424]}},
{"type":"Feature","id":"node/3697202611","properties":{"@id":"node/3697202611","alt_name":"Punta Gianni Vert","ele":"3150","loc_name":"Pointe Jean Vert","name":"Punta Jean Vert","natural":"peak","source":"Carta Tecnica Regione VDA","wikidata":"Q110461629"},"geometry":{"type":"Point","coordinates":[7.4430182,45.6391381]}},
{"type":"Feature","id":"node/3698319217","properties":{"@id":"node/3698319217","alt_name":"Herban","ele":"3004","man_made":"cairn","name":"Mont Herban","natural":"peak"},"geometry":{"type":"Point","coordinates":[7.3170459,45.5943272]}},
{"type":"Feature","id":"node/3713957420","properties":{"@id":"node/3713957420","ele":"3273","name":"Punta Money","natural":"peak"},"geometry":{"type":"Point","coordinates":[7.2495712,45.5551892]}},
{"type":"Feature","id":"node/3713957421","properties":{"@id":"node/3713957421","ele":"3155","name":"Punta Leyser","natural":"peak"},"geometry":{"type":"Point","coordinates":[7.2386941,45.5597433]}},
{"type":"Feature","id":"node/3745660043","properties":{"@id":"node/3745660043","ele":"3324","name":"Mont Roisetta (Punta Sud)","natural":"peak"},"geometry":{"type":"Point","coordinates":[7.678897,45.8847511]}},
{"type":"Feature","id":"node/3767542512","properties":{"@id":"node/3767542512","ele":"3379","name":"Grand-Tournalin - Punta Nord","natural":"peak","source":"Bing","wikidata":"Q3775505","wikipedia":"it:Grand Tournalin"},"geometry":{"type":"Point","coordinates":[7.6879009,45.8715016]}},
{"type":"Feature","id":"node/3770673086","properties":{"@id":"node/3770673086","ele":"3071","name":"Tour de La Tza","natural":"peak","source":"gps"},"geometry":{"type":"Point","coordinates":[7.4223209,45.8987387]}},
{"type":"Feature","id":"node/3840882021","properties":{"@id":"node/3840882021","ele":"3083","name":"Punta Laval Nord","natural":"peak","source":"bing+gps"},"geometry":{"type":"Point","coordinates":[7.434529,45.6461893]}},
{"type":"Feature","id":"node/3840882022","properties":{"@id":"node/3840882022","ele":"3094","name":"Punta Laval Sud","natural":"peak","source":"bing+gps"},"geometry":{"type":"Point","coordinates":[7.4366248,45.6454552]}},
{"type":"Feature","id":"node/3855245113","properties":{"@id":"node/3855245113","ele":"3557","name":"Pic Moore","natural":"peak","sources":"Carta Tecnica Regione VDA"},"geometry":{"type":"Point","coordinates":[6.8878074,45.8356232]}},
{"type":"Feature","id":"node/3855245114","properties":{"@id":"node/3855245114","ele":"3893","name":"Punta Gugliermina","natural":"peak","wikidata":"Q3902552","wikipedia":"it:Picco Gugliermina"},"geometry":{"type":"Point","coordinates":[6.8871082,45.8195725]}},
{"type":"Feature","id":"node/3855245115","properties":{"@id":"node/3855245115","ele":"3601","name":"Les Dames Anglaises","natural":"peak","wikidata":"Q1151585","wikipedia":"it:Les Dames Anglaises"},"geometry":{"type":"Point","coordinates":[6.8923288,45.8168364]}},
{"type":"Feature","id":"node/3856607212","properties":{"@id":"node/3856607212","alt_name":"Noeud de la Rayette","ele":"3440","name":"Nodo della Rayette","natural":"peak","note":"Toponimo da Guida dei Monti d'Italia, quota e coordinate (45.912216, 7.420941) rilevate con GPS"},"geometry":{"type":"Point","coordinates":[7.4208027,45.9121017]}},
{"type":"Feature","id":"node/3859704621","properties":{"@id":"node/3859704621","ele":"3067","name":"Picco Gamba","natural":"peak","sources":"Carta Tecnica Regione VDA"},"geometry":{"type":"Point","coordinates":[6.8943344,45.8089825]}},
{"type":"Feature","id":"node/3859704622","properties":{"@id":"node/3859704622","ele":"3586","name":"Punta Brendel","natural":"peak","sources":"Carta Tecnica Regione VDA"},"geometry":{"type":"Point","coordinates":[6.8932991,45.812771]}},
{"type":"Feature","id":"node/3860781332","properties":{"@id":"node/3860781332","ele":"3139","name":"Mont Delà","natural":"peak","source":"Istituto Geografico Centrale"},"geometry":{"type":"Point","coordinates":[7.5293183,45.6241187]}},
{"type":"Feature","id":"node/3968742773","properties":{"@id":"node/3968742773","ele":"3349","name":"Aiguilles Rouges du Brouillard","natural":"peak","wikidata":"Q118315518"},"geometry":{"type":"Point","coordinates":[6.8677059,45.8020185]}},
{"type":"Feature","id":"node/3968742775","properties":{"@id":"node/3968742775","ele":"3456","natural":"peak"},"geometry":{"type":"Point","coordinates":[6.8468666,45.8190745]}},
{"type":"Feature","id":"node/3968742776","properties":{"@id":"node/3968742776","ele":"3880","natural":"peak","sources":"Carta Tecnica Regione VDA"},"geometry":{"type":"Point","coordinates":[6.8477091,45.8249352]}},
{"type":"Feature","id":"node/3968742777","properties":{"@id":"node/3968742777","ele":"3559","natural":"peak"},"geometry":{"type":"Point","coordinates":[6.8264072,45.8265315]}},
{"type":"Feature","id":"node/3968742778","properties":{"@id":"node/3968742778","ele":"3676","natural":"peak"},"geometry":{"type":"Point","coordinates":[6.8263247,45.8290331]}},
{"type":"Feature","id":"node/3968742779","properties":{"@id":"node/3968742779","ele":"3825","name":"Tour des Aiguilles Grise","natural":"peak","sources":"Carta Tecnica Regione VDA","wikidata":"Q136375907"},"geometry":{"type":"Point","coordinates":[6.8286875,45.8313394]}},
{"type":"Feature","id":"node/3968754766","properties":{"@id":"node/3968754766","ele":"3278","name":"Aiguille de la Brenva","natural":"peak","sources":"Carta Tecnica Regione VDA","wikidata":"Q3607099","wikipedia":"it:Aiguille de la Brenva"},"geometry":{"type":"Point","coordinates":[6.918454,45.8340656]}},
{"type":"Feature","id":"node/3968789008","properties":{"@id":"node/3968789008","ele":"3109","name":"Aiguille Rouge de Rochefort","natural":"peak"},"geometry":{"type":"Point","coordinates":[6.9687037,45.8482299]}},
{"type":"Feature","id":"node/3968789009","properties":{"@id":"node/3968789009","ele":"3456","name":"Mont de Rochefort","natural":"peak"},"geometry":{"type":"Point","coordinates":[6.9654237,45.8539027]}},
{"type":"Feature","id":"node/3977814005","properties":{"@id":"node/3977814005","ele":"3495","name":"Aiguille de Tronchey","natural":"peak"},"geometry":{"type":"Point","coordinates":[6.9986809,45.8642725]}},
{"type":"Feature","id":"node/3977814006","properties":{"@id":"node/3977814006","ele":"3258","name":"Aiguille de l'Évêque","natural":"peak","wikidata":"Q16487658","wikipedia":"it:Aiguille de l'Évêque"},"geometry":{"type":"Point","coordinates":[7.0045012,45.8613073]}},
{"type":"Feature","id":"node/3977833822","properties":{"@id":"node/3977833822","ele":"3324","name":"Petit Grépillon","natural":"peak","wikidata":"Q3647009"},"geometry":{"type":"Point","coordinates":[7.0618835,45.9116313]}},
{"type":"Feature","id":"node/3977841019","properties":{"@id":"node/3977841019","ele":"3289","name":"Aiguille Rouge de Triolet","natural":"peak","wikidata":"Q124959011"},"geometry":{"type":"Point","coordinates":[7.04116,45.8996792]}},
{"type":"Feature","id":"node/3977841020","properties":{"@id":"node/3977841020","ele":"3332","name":"Cima Centrale","natural":"peak"},"geometry":{"type":"Point","coordinates":[7.0383971,45.9053533]}},
{"type":"Feature","id":"node/3977841021","properties":{"@id":"node/3977841021","ele":"3435","name":"Cima Nord","natural":"peak"},"geometry":{"type":"Point","coordinates":[7.0306445,45.9117611]}},
{"type":"Feature","id":"node/4329326105","properties":{"@id":"node/4329326105","ele":"3191.8","name":"Pointe Gorret","natural":"peak"},"geometry":{"type":"Point","coordinates":[7.352636,45.8638493]}},
{"type":"Feature","id":"node/4352239989","properties":{"@id":"node/4352239989","ele":"3022.7","loc_name":"Ròthòre","name":"Corno Rosso","natural":"peak","source":"Carta Tecnica Regione VDA","wikidata":"Q31666737"},"geometry":{"type":"Point","coordinates":[7.8689298,45.8671963]}},
{"type":"Feature","id":"node/4355359505","properties":{"@id":"node/4355359505","ele":"3352","name":"Petite Pointes","natural":"peak"},"geometry":{"type":"Point","coordinates":[7.2781825,45.5509791]}},
{"type":"Feature","id":"node/4401592903","properties":{"@id":"node/4401592903","ele":"3671","name":"Tête de Chavanne","natural":"peak","source":"Carta Tecnica Regione VDA"},"geometry":{"type":"Point","coordinates":[7.5647952,45.9863828]}},
{"type":"Feature","id":"node/4450921685","properties":{"@id":"node/4450921685","ele":"3132","name":"Monte Pinter","name:wae":"Péntespétz","natural":"peak"},"geometry":{"type":"Point","coordinates":[7.7914299,45.8234804]}},
{"type":"Feature","id":"node/4453712876","properties":{"@id":"node/4453712876","ele":"3321","name":"Rocca di Verra","natural":"peak"},"geometry":{"type":"Point","coordinates":[7.7384003,45.9052596]}},
{"type":"Feature","id":"node/4584754392","properties":{"@id":"node/4584754392","ele":"3018","name":"Corno Foric","natural":"peak","source":"Carta Tecnica Regione VDA"},"geometry":{"type":"Point","coordinates":[7.873247,45.8582689]}},
{"type":"Feature","id":"node/4945976063","properties":{"@id":"node/4945976063","ele":"3280","name":"Punta di Netscio","natural":"peak"},"geometry":{"type":"Point","coordinates":[7.873695,45.8260296]}},
{"type":"Feature","id":"node/4993192727","properties":{"@id":"node/4993192727","ele":"3307","name":"Punta d'Avernet","natural":"peak","source":"Carta Tecnica Regione VDA"},"geometry":{"type":"Point","coordinates":[7.0022168,45.6419473]}},
{"type":"Feature","id":"node/4993192728","properties":{"@id":"node/4993192728","ele":"3332","name":"Vedette","natural":"peak","source":"Carta Tecnica Regione VDA"},"geometry":{"type":"Point","coordinates":[7.0000295,45.6449485]}},
{"type":"Feature","id":"node/4993592084","properties":{"@id":"node/4993592084","ele":"3003","name":"Bec Carre'","natural":"peak"},"geometry":{"type":"Point","coordinates":[7.6785394,45.9070192]}},
{"type":"Feature","id":"node/4993593921","properties":{"@id":"node/4993593921","ele":"3296","name":"Punta di Rollin","natural":"peak"},"geometry":{"type":"Point","coordinates":[7.7086075,45.9146399]}},
{"type":"Feature","id":"node/5107297060","properties":{"@id":"node/5107297060","ele":"3227","name":"Punta Percià Sud","natural":"peak","source":"gps"},"geometry":{"type":"Point","coordinates":[7.1546733,45.5387795]}},
{"type":"Feature","id":"node/5107297088","properties":{"@id":"node/5107297088","ele":"3199","name":"Punta Percià Nord","natural":"peak","source":"gps"},"geometry":{"type":"Point","coordinates":[7.1587358,45.5430469]}},
{"type":"Feature","id":"node/5107297422","properties":{"@id":"node/5107297422","ele":"3121","name":"Anticima","natural":"peak","source":"gps"},"geometry":{"type":"Point","coordinates":[7.1584208,45.5451299]}},
{"type":"Feature","id":"node/5132483721","properties":{"@id":"node/5132483721","alt_name":"Aiguille de Lesache","ele":"3014","name":"Aiguille des Sasses","natural":"peak","source":"Carta Tecnica Regione VDA","wikidata":"Q22371000"},"geometry":{"type":"Point","coordinates":[7.1179997,45.8592947]}},
{"type":"Feature","id":"node/5199081753","properties":{"@id":"node/5199081753","ele":"3102","name":"Punta di Rissuolo","natural":"peak"},"geometry":{"type":"Point","coordinates":[7.8635987,45.8125585]}},
{"type":"Feature","id":"node/5818422347","properties":{"@id":"node/5818422347","ele":"4009","name":"Pointe Sella","natural":"peak"},"geometry":{"type":"Point","coordinates":[6.9518096,45.8616766]}},
{"type":"Feature","id":"node/5819008835","properties":{"@id":"node/5819008835","ele":"3813","fixme":"check position","name":"Tour des Jorasses","natural":"peak","wikidata":"Q136405230"},"geometry":{"type":"Point","coordinates":[6.9831526,45.863768]}},
{"type":"Feature","id":"node/5869513985","properties":{"@id":"node/5869513985","alt_name:fr":"Mont de Mirande","ele":"3066","name":"Mont Miravidi","natural":"peak","wikidata":"Q118255693"},"geometry":{"type":"Point","coordinates":[6.8219411,45.7113718]}},
{"type":"Feature","id":"node/6542256786","properties":{"@id":"node/6542256786","ele":"3135","natural":"peak"},"geometry":{"type":"Point","coordinates":[7.0504364,45.8174629]}},
{"type":"Feature","id":"node/6580047823","properties":{"@id":"node/6580047823","ele":"3099","name":"Mont Ouille","natural":"peak","sources":"Carta Tecnica Regione VDA","wikidata":"Q130616800"},"geometry":{"type":"Point","coordinates":[6.8681777,45.7280471]}},
{"type":"Feature","id":"node/6580047826","properties":{"@id":"node/6580047826","ele":"3033","name":"Punta dei Ghiacciai","name:fr":"Pointe des Glaciers","natural":"peak","sources":"Carta Tecnica Regione VDA"},"geometry":{"type":"Point","coordinates":[6.830077,45.7141267]}},
{"type":"Feature","id":"node/6702684891","properties":{"@id":"node/6702684891","ele":"3123","name":"Punta del Trayo","natural":"peak"},"geometry":{"type":"Point","coordinates":[7.2711143,45.6194013]}},
{"type":"Feature","id":"node/6715778006","properties":{"@id":"node/6715778006","ele":"3107","name":"Becca de Salé","natural":"peak","source":"Carta Tecnica Regione VDA"},"geometry":{"type":"Point","coordinates":[7.5704559,45.8799747]}},
{"type":"Feature","id":"node/6715782437","properties":{"@id":"node/6715782437","ele":"3037","name":"Tëtes de Livourneyaz","natural":"peak"},"geometry":{"type":"Point","coordinates":[7.518171,45.8759527]}},
{"type":"Feature","id":"node/7130686122","properties":{"@id":"node/7130686122","ele":"3018","name":"Punta della Scaletta","natural":"peak"},"geometry":{"type":"Point","coordinates":[7.465042,45.5776484]}},
{"type":"Feature","id":"node/7132807320","properties":{"@id":"node/7132807320","ele":"3064","name":"Punta Nera","name:fr":"Pointe Noire","natural":"peak","source":"CTR VdA"},"geometry":{"type":"Point","coordinates":[7.4634128,45.5806334]}},
{"type":"Feature","id":"node/7132887545","properties":{"@id":"node/7132887545","ele":"3296","name":"Punta di Forzo","natural":"peak"},"geometry":{"type":"Point","coordinates":[7.4152721,45.5450439]}},
{"type":"Feature","id":"node/7132887726","properties":{"@id":"node/7132887726","ele":"3246","name":"Grande Arolla","natural":"peak"},"geometry":{"type":"Point","coordinates":[7.4178734,45.5471651]}},
{"type":"Feature","id":"node/7132903568","properties":{"@id":"node/7132903568","ele":"3232","name":"Piccola Arolla","natural":"peak"},"geometry":{"type":"Point","coordinates":[7.4172124,45.5481349]}},
{"type":"Feature","id":"node/7146865499","properties":{"@id":"node/7146865499","ele":"3173","name":"Torre Pontonnet","name:fr":"Tour Pontonnet","natural":"peak"},"geometry":{"type":"Point","coordinates":[7.482517,45.6118906]}},
{"type":"Feature","id":"node/7164818566","properties":{"@id":"node/7164818566","ele":"3810","natural":"peak"},"geometry":{"type":"Point","coordinates":[6.8178854,45.8321242]}},
{"type":"Feature","id":"node/7164818567","properties":{"@id":"node/7164818567","ele":"4748","name":"Monte Bianco di Courmayeur","name:fr":"Mont Blanc de Courmayeur","name:it":"Monte Bianco di Courmayeur","natural":"peak","prominence":"17","wikidata":"Q30395","wikipedia":"it:Monte Bianco di Courmayeur"},"geometry":{"type":"Point","coordinates":[6.8696737,45.8283806]}},
{"type":"Feature","id":"node/7164832044","properties":{"@id":"node/7164832044","ele":"3792","name":"La Tour Ronde","name:fr":"La Tour Ronde","natural":"peak","source":"Carta Tecnica Regione VDA","wikidata":"Q749949","wikipedia":"it:Tour Ronde"},"geometry":{"type":"Point","coordinates":[6.9075331,45.8439992]}},
{"type":"Feature","id":"node/7164832098","properties":{"@id":"node/7164832098","ele":"3462","name":"Pointe Helbronner / Punta Helbronner","name:fr":"Pointe Helbronner","name:it":"Punta Helbronner","natural":"peak","wikidata":"Q2093151","wikipedia":"it:Punta Helbronner"},"geometry":{"type":"Point","coordinates":[6.9317558,45.8458717]}},
{"type":"Feature","id":"node/7197862076","properties":{"@id":"node/7197862076","ele":"3098","name":"Mont Vallonet","natural":"peak"},"geometry":{"type":"Point","coordinates":[7.4214871,45.6566437]}},
{"type":"Feature","id":"node/7198158614","properties":{"@id":"node/7198158614","ele":"3139","name":"Tete Blantsette","natural":"peak"},"geometry":{"type":"Point","coordinates":[7.3913505,45.6851264]}},
{"type":"Feature","id":"node/7198159559","properties":{"@id":"node/7198159559","ele":"3081","name":"Becca Senevaz","natural":"peak"},"geometry":{"type":"Point","coordinates":[7.3943995,45.6902318]}},
{"type":"Feature","id":"node/7198173107","properties":{"@id":"node/7198173107","ele":"3410","name":"Punta Rossa dell'Emilius Occidentale","name:fr":"Pointes rouges de l'Emilius","natural":"peak","wikidata":"Q31645750"},"geometry":{"type":"Point","coordinates":[7.3816702,45.6659777]}},
{"type":"Feature","id":"node/7198188691","properties":{"@id":"node/7198188691","ele":"3273","name":"Petite Roise","natural":"peak"},"geometry":{"type":"Point","coordinates":[7.4238815,45.6814849]}},
{"type":"Feature","id":"node/7198193599","properties":{"@id":"node/7198193599","ele":"3356","name":"Grand Roise","natural":"peak","wikidata":"Q3775580"},"geometry":{"type":"Point","coordinates":[7.4228704,45.6751601]}},
{"type":"Feature","id":"node/7198939851","properties":{"@id":"node/7198939851","ele":"3509","name":"Punta Tina","natural":"peak"},"geometry":{"type":"Point","coordinates":[7.0738995,45.5552616]}},
{"type":"Feature","id":"node/7198939852","properties":{"@id":"node/7198939852","ele":"3475","name":"Punta di Barmaverain","natural":"peak"},"geometry":{"type":"Point","coordinates":[7.070933,45.554315]}},
{"type":"Feature","id":"node/7198939853","properties":{"@id":"node/7198939853","ele":"3449","name":"Cima di Fos","natural":"peak"},"geometry":{"type":"Point","coordinates":[7.0699298,45.5528875]}},
{"type":"Feature","id":"node/7198939854","properties":{"@id":"node/7198939854","ele":"3373","name":"Cima Saint Martin","natural":"peak"},"geometry":{"type":"Point","coordinates":[7.0680094,45.5514864]}},
{"type":"Feature","id":"node/7232224548","properties":{"@id":"node/7232224548","ele":"3208","natural":"peak"},"geometry":{"type":"Point","coordinates":[7.4196219,45.6194939]}},
{"type":"Feature","id":"node/7232225155","properties":{"@id":"node/7232225155","ele":"3214","name":"Punta Coupée","name:fr":"Pointe Coupée","natural":"peak","wikidata":"Q3907106","wikipedia":"it:Pointe Coupée"},"geometry":{"type":"Point","coordinates":[7.4145873,45.6170982]}},
{"type":"Feature","id":"node/7232236870","properties":{"@id":"node/7232236870","alt_name":"Testa Money","ele":"3130","name":"Testa di Money","natural":"peak"},"geometry":{"type":"Point","coordinates":[7.4087812,45.6180751]}},
{"type":"Feature","id":"node/7232245738","properties":{"@id":"node/7232245738","alt_name":"Penna Bianca;Penne Bianche","ele":"3248","name":"Penne Blanche","natural":"peak","wikidata":"Q3899106"},"geometry":{"type":"Point","coordinates":[7.4269626,45.618738]}},
{"type":"Feature","id":"node/7232246236","properties":{"@id":"node/7232246236","ele":"3135","name":"Testa di Vallonet","natural":"peak"},"geometry":{"type":"Point","coordinates":[7.4315834,45.6159629]}},
{"type":"Feature","id":"node/7234243210","properties":{"@id":"node/7234243210","ele":"3208","name":"Punta Chenal","natural":"peak"},"geometry":{"type":"Point","coordinates":[7.0199392,45.6614478]}},
{"type":"Feature","id":"node/7234243211","properties":{"@id":"node/7234243211","ele":"3253","name":"Becca Noire","natural":"peak"},"geometry":{"type":"Point","coordinates":[7.024675,45.6653742]}},
{"type":"Feature","id":"node/7237563091","properties":{"@id":"node/7237563091","ele":"3406","name":"Becca di Vermianaz","natural":"peak","source":"Carta Tecnica Regione VDA"},"geometry":{"type":"Point","coordinates":[7.2696328,45.5797027]}},
{"type":"Feature","id":"node/7237565035","properties":{"@id":"node/7237565035","ele":"3806","name":"Punta Tuckett","natural":"peak","source":"Carta Tecnica Regione VDA"},"geometry":{"type":"Point","coordinates":[7.2571458,45.593287]}},
{"type":"Feature","id":"node/7237578016","properties":{"@id":"node/7237578016","ele":"3419","name":"Punta di Levionaz","natural":"peak","source":"Carta Tecnica Regione VDA"},"geometry":{"type":"Point","coordinates":[7.2815652,45.5632329]}},
{"type":"Feature","id":"node/7237581537","properties":{"@id":"node/7237581537","ele":"3254","name":"Piramide del Gran Neyron","natural":"peak","source":"Carta Tecnica Regione VDA"},"geometry":{"type":"Point","coordinates":[7.2575985,45.5499542]}},
{"type":"Feature","id":"node/7237581583","properties":{"@id":"node/7237581583","ele":"3640","name":"Torre di Sant'Andrea Sud","natural":"peak","source":"Carta Tecnica Regione VDA"},"geometry":{"type":"Point","coordinates":[7.3589242,45.5276218]}},
{"type":"Feature","id":"node/7237592956","properties":{"@id":"node/7237592956","ele":"3684","name":"Punta Budden","natural":"peak","wikidata":"Q3925649"},"geometry":{"type":"Point","coordinates":[7.2714617,45.538483]}},
{"type":"Feature","id":"node/7237599983","properties":{"@id":"node/7237599983","alt_name":"Gemelle Della Roccia Viva - Ovest","ele":"3621","name":"Gemello Occidentale della Roccia Viva","natural":"peak","source":"Carta Tecnica Regione VDA"},"geometry":{"type":"Point","coordinates":[7.3314276,45.5197347]}},
{"type":"Feature","id":"node/7237599984","properties":{"@id":"node/7237599984","alt_name":"Gemelle della Roccia Viva - Est","ele":"3545","name":"Gemello Orientale della Roccia Viva","natural":"peak","source":"Carta Tecnica Regione VDA"},"geometry":{"type":"Point","coordinates":[7.3321357,45.5200541]}},
{"type":"Feature","id":"node/7237608190","properties":{"@id":"node/7237608190","ele":"3921","name":"Punta Farrar","natural":"peak","source":"Carta Tecnica Regione VDA"},"geometry":{"type":"Point","coordinates":[7.2660219,45.5270881]}},
{"type":"Feature","id":"node/7237608191","properties":{"@id":"node/7237608191","ele":"3924","name":"Punta Frassy","natural":"peak","source":"Carta Tecnica Regione VDA"},"geometry":{"type":"Point","coordinates":[7.2668963,45.5249046]}},
{"type":"Feature","id":"node/7237608192","properties":{"@id":"node/7237608192","ele":"3886","name":"Punta Vaccarone","natural":"peak","source":"Carta Tecnica Regione VDA"},"geometry":{"type":"Point","coordinates":[7.2660648,45.52796]}},
{"type":"Feature","id":"node/7237616656","properties":{"@id":"node/7237616656","ele":"3352","name":"Punta Valletta Sud","natural":"peak","source":"Carta Tecnica Regione VDA"},"geometry":{"type":"Point","coordinates":[7.3637876,45.5518771]}},
{"type":"Feature","id":"node/7237616657","properties":{"@id":"node/7237616657","ele":"3315","name":"Punta Valletta Nord","natural":"peak","source":"Carta Tecnica Regione VDA"},"geometry":{"type":"Point","coordinates":[7.3637662,45.5531693]}},
{"type":"Feature","id":"node/7237616659","properties":{"@id":"node/7237616659","ele":"3202","name":"Tournetta","natural":"peak","source":"Carta Tecnica Regione VDA;https://mappe.regione.vda.it/INVA/config/config.ashx?https://mappe.regione.vda.it/cache/rest/services/Foundation/CTR/MapServer/tile/4/1461/1622;https://mappe.regione.vda.it/INVA/config/config.ashx?https://mappe.regione.vda.it/cac"},"geometry":{"type":"Point","coordinates":[7.3614622,45.5634018]}},
{"type":"Feature","id":"node/7237623485","properties":{"@id":"node/7237623485","ele":"3586","name":"Punta Elter","natural":"peak","source":"Carta Tecnica Regione VDA"},"geometry":{"type":"Point","coordinates":[7.3335183,45.5206132]}},
{"type":"Feature","id":"node/7237650816","properties":{"@id":"node/7237650816","ele":"3311","name":"Cima Centrale di Valeille","natural":"peak","source":"Carta Tecnica Regione VDA"},"geometry":{"type":"Point","coordinates":[7.3856624,45.5217683]}},
{"type":"Feature","id":"node/7237650817","properties":{"@id":"node/7237650817","ele":"3312","name":"Cima Orientale di Valeille","natural":"peak","source":"Carta Tecnica Regione VDA"},"geometry":{"type":"Point","coordinates":[7.3880764,45.5232491]}},
{"type":"Feature","id":"node/7241031646","properties":{"@id":"node/7241031646","alt_name":"Cima de Breuil","ele":"3454","name":"Dente Meridionale del Broglio","natural":"peak","source":"Carta Tecnica Regione VDA","wikidata":"Q31638284"},"geometry":{"type":"Point","coordinates":[7.2318535,45.4792485]}},
{"type":"Feature","id":"node/7241034622","properties":{"@id":"node/7241034622","ele":"3074","name":"Mont de Seyvaz","natural":"peak","source":"Carta Tecnica Regione VDA"},"geometry":{"type":"Point","coordinates":[7.1969893,45.4918496]}},
{"type":"Feature","id":"node/7251779829","properties":{"@id":"node/7251779829","ele":"3526","natural":"peak"},"geometry":{"type":"Point","coordinates":[6.827268,45.8253303]}},
{"type":"Feature","id":"node/7251779830","properties":{"@id":"node/7251779830","ele":"3632","natural":"peak"},"geometry":{"type":"Point","coordinates":[6.8260395,45.8280143]}},
{"type":"Feature","id":"node/7251779831","properties":{"@id":"node/7251779831","ele":"3364","name":"Pyramides des Aiguilles Grises","natural":"peak","sources":"Carta Tecnica Regione VDA","wikidata":"Q136375919"},"geometry":{"type":"Point","coordinates":[6.8291992,45.8217004]}},
{"type":"Feature","id":"node/7251834319","properties":{"@id":"node/7251834319","ele":"3070","name":"Punta di Fornet","name:fr":"Pointe de Fornet","natural":"peak","wikidata":"Q136661127"},"geometry":{"type":"Point","coordinates":[6.8562412,45.7333549]}},
{"type":"Feature","id":"node/7251834342","properties":{"@id":"node/7251834342","ele":"3864","natural":"peak","sources":"Carta Tecnica Regione VDA"},"geometry":{"type":"Point","coordinates":[6.8464941,45.8280816]}},
{"type":"Feature","id":"node/7251834343","properties":{"@id":"node/7251834343","ele":"3820","natural":"peak","sources":"Carta Tecnica Regione VDA"},"geometry":{"type":"Point","coordinates":[6.8466389,45.8271583]}},
{"type":"Feature","id":"node/7251834344","properties":{"@id":"node/7251834344","ele":"3842","natural":"peak","sources":"Carta Tecnica Regione VDA"},"geometry":{"type":"Point","coordinates":[6.8474168,45.8259957]}},
{"type":"Feature","id":"node/7251834345","properties":{"@id":"node/7251834345","ele":"3881","natural":"peak","sources":"Carta Tecnica Regione VDA"},"geometry":{"type":"Point","coordinates":[6.8483502,45.8243285]}},
{"type":"Feature","id":"node/7251834346","properties":{"@id":"node/7251834346","ele":"3984","name":"Pointe Pfann","natural":"peak","sources":"Carta Tecnica Regione VDA"},"geometry":{"type":"Point","coordinates":[6.8481517,45.8305785]}},
{"type":"Feature","id":"node/7256094194","properties":{"@id":"node/7256094194","ele":"3241","name":"Punta Crevasse","natural":"peak","source":"Carta Tecnica Regione VDA"},"geometry":{"type":"Point","coordinates":[7.2725235,45.60994]}},
{"type":"Feature","id":"node/7256252863","properties":{"@id":"node/7256252863","ele":"3727","name":"Fourche de la Brenva","name:fr":"Fourche de la Brenva","natural":"peak","sources":"Carta Tecnica Regione VDA"},"geometry":{"type":"Point","coordinates":[6.8904072,45.8445263]}},
{"type":"Feature","id":"node/7256451494","properties":{"@id":"node/7256451494","ele":"3742","name":"Punta Ottoz","natural":"peak","sources":"Carta Tecnica Regione VDA"},"geometry":{"type":"Point","coordinates":[6.8929446,45.8140137]}},
{"type":"Feature","id":"node/7256451496","properties":{"@id":"node/7256451496","ele":"4099","name":"Aiguille Blanche de Peuterey - Sud","natural":"peak","sources":"Carta Tecnica Regione VDA","wikidata":"Q30472","wikipedia":"it:Aiguille Blanche de Peuterey"},"geometry":{"type":"Point","coordinates":[6.8840772,45.8230537]}},
{"type":"Feature","id":"node/7256451497","properties":{"@id":"node/7256451497","ele":"4112","name":"Aiguille Blanche de Peuterey - Centrale","natural":"peak","sources":"Carta Tecnica Regione VDA","wikidata":"Q30472","wikipedia":"it:Aiguille Blanche de Peuterey"},"geometry":{"type":"Point","coordinates":[6.881749,45.8233827]}},
{"type":"Feature","id":"node/7259293212","properties":{"@id":"node/7259293212","ele":"3224","name":"Aiguille du Père Éternel","natural":"peak","sources":"Carta Tecnica Regione VDA"},"geometry":{"type":"Point","coordinates":[6.9188869,45.8355421]}},
{"type":"Feature","id":"node/7259293213","properties":{"@id":"node/7259293213","ele":"3011","name":"Mont de la Brenva","natural":"peak","sources":"Carta Tecnica Regione VDA"},"geometry":{"type":"Point","coordinates":[6.9211587,45.8312905]}},
{"type":"Feature","id":"node/7259293214","properties":{"@id":"node/7259293214","ele":"3096","name":"Tour de la Brenva","natural":"peak","sources":"Carta Tecnica Regione VDA"},"geometry":{"type":"Point","coordinates":[6.919831,45.8326156]}},
{"type":"Feature","id":"node/7259293215","properties":{"@id":"node/7259293215","ele":"3070","name":"Brèche d'Entrèves","natural":"peak","sources":"Carta Tecnica Regione VDA"},"geometry":{"type":"Point","coordinates":[6.9231838,45.8382555]}},
{"type":"Feature","id":"node/7259293216","properties":{"@id":"node/7259293216","ele":"3118","name":"Tour d'Entrèves","natural":"peak","sources":"Carta Tecnica Regione VDA","wikidata":"Q136378692"},"geometry":{"type":"Point","coordinates":[6.9239053,45.8376075]}},
{"type":"Feature","id":"node/7274278121","properties":{"@id":"node/7274278121","ele":"3052","name":"Mont Lusse","natural":"peak","source":"Carta Tecnica Regione VDA"},"geometry":{"type":"Point","coordinates":[6.99444,45.6893667]}},
{"type":"Feature","id":"node/7274341121","properties":{"@id":"node/7274341121","ele":"3640","name":"Pointe des Papillons Nord","name:fr":"Pointe des Papillons Nord","natural":"peak","source":"Carta Tecnica Regione VDA"},"geometry":{"type":"Point","coordinates":[7.0148999,45.9102895]}},
{"type":"Feature","id":"node/7274341122","properties":{"@id":"node/7274341122","ele":"3635","name":"Pointe des Papillons Sud","name:fr":"Pointe des Papillons Sud","natural":"peak","source":"Carta Tecnica Regione VDA"},"geometry":{"type":"Point","coordinates":[7.0144835,45.909682]}},
{"type":"Feature","id":"node/7274341124","properties":{"@id":"node/7274341124","ele":"3603","name":"Aiguille Savoie","natural":"peak","wikidata":"Q117779856"},"geometry":{"type":"Point","coordinates":[7.0142381,45.9065807]}},
{"type":"Feature","id":"node/7274341129","properties":{"@id":"node/7274341129","ele":"3489","name":"L'Aiguillon","natural":"peak","source":"Carta Tecnica Regione VDA"},"geometry":{"type":"Point","coordinates":[7.0038915,45.890312]}},
{"type":"Feature","id":"node/7274424289","properties":{"@id":"node/7274424289","ele":"3473","name":"Pointe de Frébouze - Alberico","natural":"peak","source":"Carta Tecnica Regione VDA"},"geometry":{"type":"Point","coordinates":[6.9986799,45.8769139]}},
{"type":"Feature","id":"node/7274424290","properties":{"@id":"node/7274424290","ele":"3520","name":"Pointe des Hirondelles Nord","natural":"peak","source":"Carta Tecnica Regione VDA"},"geometry":{"type":"Point","coordinates":[6.9993746,45.8746301]}},
{"type":"Feature","id":"node/7274424294","properties":{"@id":"node/7274424294","ele":"3931","name":"Doigt de Rochefort","natural":"peak","source":"Carta Tecnica Regione VDA","wikidata":"Q136378969"},"geometry":{"type":"Point","coordinates":[6.9637978,45.8637755]}},
{"type":"Feature","id":"node/7274427713","properties":{"@id":"node/7274427713","ele":"3761","name":"Pointe Isabelle Nord / Punta Isabella Nord","name:fr":"Pointe Isabelle Nord","name:it":"Punta Isabella Nord","natural":"peak","source":"Carta Tecnica Regione VDA","wikidata":"Q132892635"},"geometry":{"type":"Point","coordinates":[7.0182171,45.9143064]}},
{"type":"Feature","id":"node/7274427714","properties":{"@id":"node/7274427714","ele":"3761","name":"Pointe Isabelle Sud / Punta Isabella Sud","name:fr":"Pointe Isabelle Sud","name:it":"Punta Isabella Sud","natural":"peak","source":"Carta Tecnica Regione VDA"},"geometry":{"type":"Point","coordinates":[7.0182842,45.9138529]}},
{"type":"Feature","id":"node/7274586191","properties":{"@id":"node/7274586191","ele":"3648","name":"Punta Guibert / Pointe Guibert","name:fr":"Pointe Guibert","name:it":"Punta Guibert","natural":"peak","source":"Carta Tecnica Regione VDA"},"geometry":{"type":"Point","coordinates":[7.0271288,45.9188324]}},
{"type":"Feature","id":"node/7274586194","properties":{"@id":"node/7274586194","ele":"3798","name":"Petite Aiguille de Triolet Orientale","natural":"peak","source":"Carta Tecnica Regione VDA"},"geometry":{"type":"Point","coordinates":[7.0226777,45.9166576]}},
{"type":"Feature","id":"node/7274586195","properties":{"@id":"node/7274586195","ele":"3870","name":"Aiguille de Triolet","name:fr":"Aiguille de Triolet","name:it":"Aiguille de Triolet","natural":"peak","source":"Carta Tecnica Regione VDA","wikidata":"Q404676","wikipedia":"it:Aiguille de Triolet"},"geometry":{"type":"Point","coordinates":[7.0242018,45.9164659]}},
{"type":"Feature","id":"node/7274708476","properties":{"@id":"node/7274708476","ele":"3051","name":"Monte di Menouve","name:fr":"Mont de Menouve","natural":"peak","source":"Carta Tecnica Regione VDA"},"geometry":{"type":"Point","coordinates":[7.2157055,45.8838208]}},
{"type":"Feature","id":"node/7274755559","properties":{"@id":"node/7274755559","ele":"3341","name":"Aiguille du Dejeuner","natural":"peak","source":"Carta Tecnica Regione VDA"},"geometry":{"type":"Point","coordinates":[7.2405307,45.8900418]}},
{"type":"Feature","id":"node/7274800594","properties":{"@id":"node/7274800594","ele":"3025","name":"Punta di Moline Est","natural":"peak","source":"Carta Tecnica Regione VDA"},"geometry":{"type":"Point","coordinates":[7.2267736,45.890996]}},
{"type":"Feature","id":"node/7274800595","properties":{"@id":"node/7274800595","ele":"3032","name":"Punta di Moline Centrale","natural":"peak","source":"Carta Tecnica Regione VDA"},"geometry":{"type":"Point","coordinates":[7.2258523,45.8897729]}},
{"type":"Feature","id":"node/7274877036","properties":{"@id":"node/7274877036","ele":"3296","name":"Doigt du Velan","natural":"peak","source":"Carta Tecnica Regione VDA"},"geometry":{"type":"Point","coordinates":[7.2666594,45.8954266]}},
{"type":"Feature","id":"node/7275288175","properties":{"@id":"node/7275288175","ele":"3389","name":"Becca des Pecons","natural":"peak","source":"Carta Tecnica Regione VDA"},"geometry":{"type":"Point","coordinates":[7.4271253,45.9154391]}},
{"type":"Feature","id":"node/7275372849","properties":{"@id":"node/7275372849","ele":"3490","name":"Aiguille Verte de Valsorey","natural":"peak"},"geometry":{"type":"Point","coordinates":[7.2893764,45.917475]}},
{"type":"Feature","id":"node/7275384022","properties":{"@id":"node/7275384022","ele":"3359","name":"Les Champignons","natural":"peak","source":"Carta Tecnica Regione VDA"},"geometry":{"type":"Point","coordinates":[7.3085736,45.9169515]}},
{"type":"Feature","id":"node/7275436082","properties":{"@id":"node/7275436082","ele":"3291","name":"Piccola Testa di By","natural":"peak","source":"Carta Tecnica Regione VDA"},"geometry":{"type":"Point","coordinates":[7.2999698,45.913392]}},
{"type":"Feature","id":"node/7275462528","properties":{"@id":"node/7275462528","ele":"3132","name":"Mont Berlon","natural":"peak","source":"Carta Tecnica Regione VDA"},"geometry":{"type":"Point","coordinates":[7.3996487,45.8999561]}},
{"type":"Feature","id":"node/7276399384","properties":{"@id":"node/7276399384","ele":"3285","name":"Dents des Pecons","natural":"peak","source":"Carta Tecnica Regione VDA"},"geometry":{"type":"Point","coordinates":[7.4320082,45.9184975]}},
{"type":"Feature","id":"node/7276498083","properties":{"@id":"node/7276498083","ele":"3841","name":"Punta Carrel","natural":"peak","source":"Carta Tecnica Regione VDA","wikidata":"Q3925656"},"geometry":{"type":"Point","coordinates":[7.6159716,45.9713388]}},
{"type":"Feature","id":"node/7276498084","properties":{"@id":"node/7276498084","ele":"3704","name":"Punta Maria Cristina","natural":"peak","source":"Carta Tecnica Regione VDA","wikidata":"Q3925689"},"geometry":{"type":"Point","coordinates":[7.620369,45.9722224]}},
{"type":"Feature","id":"node/7276519585","properties":{"@id":"node/7276519585","ele":"3801","name":"Punta Maquignaz","natural":"peak","source":"Carta Tecnica Regione VDA","wikidata":"Q3925685"},"geometry":{"type":"Point","coordinates":[7.6170015,45.9713005]}},
{"type":"Feature","id":"node/7295028712","properties":{"@id":"node/7295028712","ele":"3051","name":"Bec de Viot","natural":"peak"},"geometry":{"type":"Point","coordinates":[7.5091789,45.6509218]}},
{"type":"Feature","id":"node/7295052210","properties":{"@id":"node/7295052210","ele":"3202","name":"Tete Quaini","natural":"peak"},"geometry":{"type":"Point","coordinates":[7.3491573,45.8686605]}},
{"type":"Feature","id":"node/7295071930","properties":{"@id":"node/7295071930","ele":"3488","name":"Pointe Gallo","natural":"peak","source":"Carta tecnica VdA"},"geometry":{"type":"Point","coordinates":[7.3660235,45.8789757]}},
{"type":"Feature","id":"node/7295075951","properties":{"@id":"node/7295075951","ele":"3370","name":"Pointe Ferrario","natural":"peak","source":"Carta tecnica VdA"},"geometry":{"type":"Point","coordinates":[7.3712068,45.8869573]}},
{"type":"Feature","id":"node/7295084250","properties":{"@id":"node/7295084250","ele":"3360","name":"Pointe Binel","natural":"peak","source":"Carta tecnica VdA"},"geometry":{"type":"Point","coordinates":[7.3585049,45.8735412]}},
{"type":"Feature","id":"node/7295107177","properties":{"@id":"node/7295107177","ele":"3192","name":"Pointe Gorret","natural":"peak","source":"Carta Tecnica Regione VDA"},"geometry":{"type":"Point","coordinates":[7.352193,45.8656308]}},
{"type":"Feature","id":"node/7295118194","properties":{"@id":"node/7295118194","ele":"3253","name":"Pointe Contier","natural":"peak","source":"Carta tecnica VdA"},"geometry":{"type":"Point","coordinates":[7.3552576,45.8713697]}},
{"type":"Feature","id":"node/7295118208","properties":{"@id":"node/7295118208","ele":"3320","name":"Pointe Chabod","natural":"peak","source":"Carta tecnica VdA"},"geometry":{"type":"Point","coordinates":[7.3575287,45.8727665]}},
{"type":"Feature","id":"node/7295151379","properties":{"@id":"node/7295151379","ele":"3303","name":"Pointe Gaia","natural":"peak","source":"Carta tecnica VdA"},"geometry":{"type":"Point","coordinates":[7.3724062,45.8893403]}},
{"type":"Feature","id":"node/7295165764","properties":{"@id":"node/7295165764","ele":"3504","name":"Pointe Augusto","natural":"peak","source":"Carta tecnica VdA"},"geometry":{"type":"Point","coordinates":[7.3680385,45.8821293]}},
{"type":"Feature","id":"node/7295167742","properties":{"@id":"node/7295167742","ele":"3302","name":"Becca Crevaye","natural":"peak"},"geometry":{"type":"Point","coordinates":[7.372824,45.8898611]}},
{"type":"Feature","id":"node/7295168107","properties":{"@id":"node/7295168107","ele":"3505","name":"Pointe Monro","natural":"peak","source":"Carta tecnica VdA"},"geometry":{"type":"Point","coordinates":[7.367858,45.8815374]}},
{"type":"Feature","id":"node/7295170494","properties":{"@id":"node/7295170494","ele":"3382","name":"Pointe Henry","natural":"peak","source":"Carta Tecnica Regione VDA"},"geometry":{"type":"Point","coordinates":[7.3713238,45.8876845]}},
{"type":"Feature","id":"node/7295176575","properties":{"@id":"node/7295176575","ele":"3301","name":"Pointe Martinotti","natural":"peak","source":"Carta tecnica VdA"},"geometry":{"type":"Point","coordinates":[7.3725223,45.8890226]}},
{"type":"Feature","id":"node/7295357318","properties":{"@id":"node/7295357318","ele":"3235","name":"Mont Arpettaz","natural":"peak","source":"Carta Tecnica Regione VDA"},"geometry":{"type":"Point","coordinates":[7.5266755,45.8869407]}},
{"type":"Feature","id":"node/7295365976","properties":{"@id":"node/7295365976","ele":"3250","name":"Punta Chanoux","natural":"peak","source":"Carta Tecnica Regione VDA"},"geometry":{"type":"Point","coordinates":[7.5240254,45.8821535]}},
{"type":"Feature","id":"node/7295516731","properties":{"@id":"node/7295516731","ele":"3240","name":"Dôme de Praz de Dieu","natural":"peak"},"geometry":{"type":"Point","coordinates":[7.4953124,45.8796028]}},
{"type":"Feature","id":"node/7295543589","properties":{"@id":"node/7295543589","ele":"3286","name":"Cima di Livourneyaz","natural":"peak","source":"Carta Tecnica Regione VDA"},"geometry":{"type":"Point","coordinates":[7.4987295,45.8744667]}},
{"type":"Feature","id":"node/7296453755","properties":{"@id":"node/7296453755","ele":"3059.2","name":"Grande Maison - Pointe Nord","natural":"peak","source":"Carta tecnica VdA"},"geometry":{"type":"Point","coordinates":[7.3121185,45.909653]}},
{"type":"Feature","id":"node/7296505135","properties":{"@id":"node/7296505135","ele":"3038.5","name":"Grande Maison - Pointe Sud","natural":"peak","source":"Carta tecnica VdA"},"geometry":{"type":"Point","coordinates":[7.3110968,45.9090791]}},
{"type":"Feature","id":"node/7296532779","properties":{"@id":"node/7296532779","ele":"3327","name":"La Salliaoousa - Pte Nord","natural":"peak"},"geometry":{"type":"Point","coordinates":[7.2555541,45.8697488]}},
{"type":"Feature","id":"node/7296532780","properties":{"@id":"node/7296532780","ele":"3325","name":"La Salliaousa - Pte Sud","natural":"peak"},"geometry":{"type":"Point","coordinates":[7.2560339,45.8686117]}},
{"type":"Feature","id":"node/7296558050","properties":{"@id":"node/7296558050","ele":"3213","name":"Tête de Crêtes","natural":"peak"},"geometry":{"type":"Point","coordinates":[7.2544812,45.8628945]}},
{"type":"Feature","id":"node/7296982843","properties":{"@id":"node/7296982843","ele":"3026","name":"Mont Traversagne","natural":"peak","source":"Carta Tecnica Regione VdA"},"geometry":{"type":"Point","coordinates":[7.3616459,45.8714176]}},
{"type":"Feature","id":"node/7297405904","properties":{"@id":"node/7297405904","ele":"3006","name":"Mont de la Varise","natural":"peak","source":"Carta Tecnica Regione VDA"},"geometry":{"type":"Point","coordinates":[7.0642841,45.806554]}},
{"type":"Feature","id":"node/7297455416","properties":{"@id":"node/7297455416","ele":"3226","name":"Monte Petite Rochère","name:fr":"Mont Petite Rochère","natural":"peak","source":"Carta Tecnica Regione VDA"},"geometry":{"type":"Point","coordinates":[7.0621866,45.8108318]}},
{"type":"Feature","id":"node/7297485466","properties":{"@id":"node/7297485466","ele":"3007","name":"Mont de Rots","natural":"peak","source":"Carta Tecnica Regione VDA"},"geometry":{"type":"Point","coordinates":[7.0766115,45.8384311]}},
{"type":"Feature","id":"node/7316396146","properties":{"@id":"node/7316396146","ele":"3305","name":"Punta di Leppe","natural":"peak","wikidata":"Q3925759","wikipedia":"it:Punta di Leppe"},"geometry":{"type":"Point","coordinates":[7.4160048,45.6622456]}},
{"type":"Feature","id":"node/7316505776","properties":{"@id":"node/7316505776","ele":"3008","name":"Becca Etresenta","natural":"peak","source":"Carta Tecnica Regione VDA"},"geometry":{"type":"Point","coordinates":[7.4465311,45.8529636]}},
{"type":"Feature","id":"node/7316505779","properties":{"@id":"node/7316505779","ele":"3439","name":"Mont du Clapey","natural":"peak","source":"Carta Tecnica Regione VDA"},"geometry":{"type":"Point","coordinates":[7.3622721,45.8759186]}},
{"type":"Feature","id":"node/7393055810","properties":{"@id":"node/7393055810","ele":"3105","name":"Punta di Tsesere","natural":"peak","note":"Elevation approximate - source Guida del Monte Emilius (O.Cardellina)","source":"local knowledge"},"geometry":{"type":"Point","coordinates":[7.4137836,45.6590831]}},
{"type":"Feature","id":"node/7393274467","properties":{"@id":"node/7393274467","ele":"3085","name":"Punta di Pian Bessey","natural":"peak","note":"Elevation approx","source":"CTR VdA;local knowledge"},"geometry":{"type":"Point","coordinates":[7.3472123,45.6554139]}},
{"type":"Feature","id":"node/7397339010","properties":{"@id":"node/7397339010","ele":"3037","name":"Punta Timorion","natural":"peak"},"geometry":{"type":"Point","coordinates":[7.2622955,45.56643]}},
{"type":"Feature","id":"node/7412612004","properties":{"@id":"node/7412612004","ele":"3718","name":"Torre Biforcuta","natural":"peak"},"geometry":{"type":"Point","coordinates":[7.2725442,45.5431033]}},
{"type":"Feature","id":"node/7820366151","properties":{"@id":"node/7820366151","ele":"3026","name":"Corno Carro","natural":"peak","source":"local knowledge","wikidata":"Q31645272"},"geometry":{"type":"Point","coordinates":[7.8569943,45.8112726]}},
{"type":"Feature","id":"node/8243125058","properties":{"@id":"node/8243125058","ele":"3300","name":"Punta Junod","natural":"peak","source":"local knowledge"},"geometry":{"type":"Point","coordinates":[7.4238046,45.6775129]}},
{"type":"Feature","id":"node/8243130891","properties":{"@id":"node/8243130891","ele":"3387","name":"Piccolo Emilius","natural":"peak","source":"CTR VdA"},"geometry":{"type":"Point","coordinates":[7.3793086,45.6790196]}},
{"type":"Feature","id":"node/8243147809","properties":{"@id":"node/8243147809","ele":"3285","name":"Mont Ross di Comboé","natural":"peak","source":"local knowledge"},"geometry":{"type":"Point","coordinates":[7.3725716,45.6785606]}},
{"type":"Feature","id":"node/8243153499","properties":{"@id":"node/8243153499","ele":"3115","name":"Punta del Lago Gelato","natural":"peak","source":"local knowledge"},"geometry":{"type":"Point","coordinates":[7.3661467,45.6749882]}},
{"type":"Feature","id":"node/8243196354","properties":{"@id":"node/8243196354","ele":"3377","name":"Triangolo Nero","natural":"peak"},"geometry":{"type":"Point","coordinates":[7.3857234,45.6809085]}},
{"type":"Feature","id":"node/8262498184","properties":{"@id":"node/8262498184","ele":"3117","name":"Punta della Tsesère","natural":"peak"},"geometry":{"type":"Point","coordinates":[7.4153508,45.5639027]}},
{"type":"Feature","id":"node/8265237968","properties":{"@id":"node/8265237968","ele":"3073","name":"Tour de Salé","natural":"peak"},"geometry":{"type":"Point","coordinates":[7.4210097,45.6901766]}},
{"type":"Feature","id":"node/8268165432","properties":{"@id":"node/8268165432","ele":"3334","name":"Pointe Merendi","natural":"peak"},"geometry":{"type":"Point","coordinates":[7.521708,45.9384224]}},
{"type":"Feature","id":"node/8268173083","properties":{"@id":"node/8268173083","ele":"3584","name":"Tour de Créton","natural":"peak","wikidata":"Q3996784","wikipedia":"it:Tour du Créton"},"geometry":{"type":"Point","coordinates":[7.5852871,45.9261362]}},
{"type":"Feature","id":"node/8268220641","properties":{"@id":"node/8268220641","ele":"3566","name":"Poite des Petites Murailles","natural":"peak"},"geometry":{"type":"Point","coordinates":[7.5864404,45.9317666]}},
{"type":"Feature","id":"node/8268287168","properties":{"@id":"node/8268287168","ele":"3303.9","name":"Dent de Jétoula","natural":"peak"},"geometry":{"type":"Point","coordinates":[6.9458163,45.8448888]}},
{"type":"Feature","id":"node/8268287169","properties":{"@id":"node/8268287169","ele":"3339.3","name":"Tour de Jétoula","natural":"peak"},"geometry":{"type":"Point","coordinates":[6.9453174,45.8457221]}},
{"type":"Feature","id":"node/8269828843","properties":{"@id":"node/8269828843","ele":"3057.7","name":"Pointe Nivolettaz","natural":"peak"},"geometry":{"type":"Point","coordinates":[7.1106622,45.4879766]}},
{"type":"Feature","id":"node/8269834472","properties":{"@id":"node/8269834472","ele":"3187","name":"Mont Fortchat Occidental","natural":"peak"},"geometry":{"type":"Point","coordinates":[7.0671165,45.5755852]}},
{"type":"Feature","id":"node/8269993510","properties":{"@id":"node/8269993510","ele":"3019","name":"Pointes des Invergneures","natural":"peak"},"geometry":{"type":"Point","coordinates":[7.0094275,45.672596]}},
{"type":"Feature","id":"node/8270316297","properties":{"@id":"node/8270316297","ele":"3009","name":"Mont Tapie","natural":"peak"},"geometry":{"type":"Point","coordinates":[7.0828664,45.8429904]}},
{"type":"Feature","id":"node/8270343476","properties":{"@id":"node/8270343476","ele":"3046.3","name":"Mont Tsichette","natural":"peak"},"geometry":{"type":"Point","coordinates":[7.0735002,45.8381247]}},
{"type":"Feature","id":"node/8279435348","properties":{"@id":"node/8279435348","ele":"3273","name":"Punta Garzotto","natural":"peak"},"geometry":{"type":"Point","coordinates":[7.4223929,45.6683782]}},
{"type":"Feature","id":"node/8591733140","properties":{"@id":"node/8591733140","ele":"3216","name":"Tête des Roèses","natural":"peak","wikidata":"Q4001286"},"geometry":{"type":"Point","coordinates":[7.576242,45.9494827]}},
{"type":"Feature","id":"node/8591741771","properties":{"@id":"node/8591741771","ele":"3849","name":"Punta dei Cors","natural":"peak","wikidata":"Q3925737","wikipedia":"it:Punta dei Cors"},"geometry":{"type":"Point","coordinates":[7.601439,45.9499512]}},
{"type":"Feature","id":"node/8629069995","properties":{"@id":"node/8629069995","ele":"3106","name":"Bec Forcü","natural":"peak"},"geometry":{"type":"Point","coordinates":[7.7822447,45.8383167]}},
{"type":"Feature","id":"node/8681658959","properties":{"@id":"node/8681658959","ele":"3020","name":"Monte Colmet-Cima Nord","natural":"peak","wikidata":"Q11785339"},"geometry":{"type":"Point","coordinates":[6.9880722,45.7032747]}},
{"type":"Feature","id":"node/9233670046","properties":{"@id":"node/9233670046","ele":"3368.5","name":"Les Deux Saintes","natural":"peak"},"geometry":{"type":"Point","coordinates":[7.3696657,45.8849824]}},
{"type":"Feature","id":"node/9233693612","properties":{"@id":"node/9233693612","ele":"3082.6","name":"Bec Noir","natural":"peak"},"geometry":{"type":"Point","coordinates":[7.3837408,45.8896177]}},
{"type":"Feature","id":"node/9233693614","properties":{"@id":"node/9233693614","ele":"3111","name":"Arolletta Settentrionale - Cime Sud","natural":"peak"},"geometry":{"type":"Point","coordinates":[7.3841858,45.8912583]}},
{"type":"Feature","id":"node/9233727405","properties":{"@id":"node/9233727405","ele":"3446","name":"Becca Bovet (Mont Rouge)","natural":"peak"},"geometry":{"type":"Point","coordinates":[7.4718421,45.9192375]}},
{"type":"Feature","id":"node/9233727408","properties":{"@id":"node/9233727408","ele":"3153","name":"Pointe Marguerettaz","natural":"peak"},"geometry":{"type":"Point","coordinates":[7.4765555,45.9156394]}},
{"type":"Feature","id":"node/9233727409","properties":{"@id":"node/9233727409","ele":"3153","name":"Pointe Deffeyes","natural":"peak"},"geometry":{"type":"Point","coordinates":[7.475788,45.9159429]}},
{"type":"Feature","id":"node/9233727410","properties":{"@id":"node/9233727410","ele":"3319.5","name":"Pointe Nourissat","natural":"peak"},"geometry":{"type":"Point","coordinates":[7.4737072,45.9180457]}},
{"type":"Feature","id":"node/9233727411","properties":{"@id":"node/9233727411","ele":"3332","name":"Nez Bovet","natural":"peak"},"geometry":{"type":"Point","coordinates":[7.47209,45.9219708]}},
{"type":"Feature","id":"node/9233727414","properties":{"@id":"node/9233727414","ele":"3008","name":"Pointe Gerlach","natural":"peak"},"geometry":{"type":"Point","coordinates":[7.4905981,45.9179948]}},
{"type":"Feature","id":"node/9233732024","properties":{"@id":"node/9233732024","ele":"3026.4","name":"Pic de Charmontane","natural":"peak"},"geometry":{"type":"Point","coordinates":[7.4178759,45.8992221]}},
{"type":"Feature","id":"node/9233763522","properties":{"@id":"node/9233763522","ele":"3373","name":"Pointe du Laurier Noir","natural":"peak"},"geometry":{"type":"Point","coordinates":[7.5178863,45.9493073]}},
{"type":"Feature","id":"node/9233763526","properties":{"@id":"node/9233763526","ele":"3355","name":"Pointes des Noires","natural":"peak"},"geometry":{"type":"Point","coordinates":[7.5386197,45.9428253]}},
{"type":"Feature","id":"node/9289897848","properties":{"@id":"node/9289897848","ele":"3878","name":"Punta Giordano","natural":"peak"},"geometry":{"type":"Point","coordinates":[7.5971988,45.9456406]}},
{"type":"Feature","id":"node/9289906476","properties":{"@id":"node/9289906476","ele":"3802","name":"Becca de Guin","natural":"peak","wikidata":"Q3637373","wikipedia":"it:Becca di Guin"},"geometry":{"type":"Point","coordinates":[7.5915635,45.9418395]}},
{"type":"Feature","id":"node/10948515016","properties":{"@id":"node/10948515016","alt_name":"Punta di Vermiana","ele":"3242","name":"Punta di Valmiana","natural":"peak","source":"Carta Tecnica Regionale VDA 2005"},"geometry":{"type":"Point","coordinates":[7.3607144,45.5622469]}},
{"type":"Feature","id":"node/11398600045","properties":{"@id":"node/11398600045","ele":"3324","name":"Cresta del Tuf","name:fr":"Crête du Tuf","natural":"peak","ref:camptocamp":"874132"},"geometry":{"type":"Point","coordinates":[7.2717203,45.5744033]}},
{"type":"Feature","id":"node/11537930407","properties":{"@id":"node/11537930407","ele":"3554","name":"Aouille Tseuque","name:fr":"Aouille Tseuque","natural":"peak","wikidata":"Q2021615","wikipedia":"en:Aouille Tseuque"},"geometry":{"type":"Point","coordinates":[7.4431686,45.9301621]}},
{"type":"Feature","id":"node/11538000687","properties":{"@id":"node/11538000687","ele":"3484","name":"Tête de Riondet","name:fr":"Tête de Riondet","natural":"peak"},"geometry":{"type":"Point","coordinates":[7.26159,45.8907063]}},
{"type":"Feature","id":"node/12104313755","properties":{"@id":"node/12104313755","ele":"3272","natural":"peak"},"geometry":{"type":"Point","coordinates":[7.5488534,45.8751971]}},
{"type":"Feature","id":"node/12104313756","properties":{"@id":"node/12104313756","ele":"3269","natural":"peak"},"geometry":{"type":"Point","coordinates":[7.5482388,45.8749242]}},
{"type":"Feature","id":"node/12104313757","properties":{"@id":"node/12104313757","ele":"3212","natural":"peak"},"geometry":{"type":"Point","coordinates":[7.5469461,45.8747324]}},
{"type":"Feature","id":"node/12104313758","properties":{"@id":"node/12104313758","ele":"3259","natural":"peak"},"geometry":{"type":"Point","coordinates":[7.5497753,45.877639]}},
{"type":"Feature","id":"node/12104313759","properties":{"@id":"node/12104313759","ele":"3264","natural":"peak"},"geometry":{"type":"Point","coordinates":[7.5495528,45.8757578]}},
{"type":"Feature","id":"node/12892609514","properties":{"@id":"node/12892609514","ele":"3820","name":"Mont Dolent / Monte Dolent","name:fr":"Mont Dolent","name:it":"Monte Dolent","natural":"peak","note:en":"Please note that the Mont Dolent isn't exactly the triple point of the 3 countries France/Italie/Suisse : see wikipedia","note:fr":"Merci de noter que le Mont Dolent n'est pas précisément le point triple France/Italie/Suisse voir plus de détails sur : wikipedia","source:gps":"from bing + gps track","wikidata":"Q665130","wikipedia":"it:Monte Dolent"},"geometry":{"type":"Point","coordinates":[7.046165,45.9219579]}},
{"type":"Feature","id":"node/13146012681","properties":{"@id":"node/13146012681","ele":"4087","name":"Felikhorn","name:fr":"Pointe du Félik","name:it":"Punta Felik","natural":"peak","source:name":"survey","survey:date":"2025-08-17","wikidata":"Q31638991","wikipedia":"it:Punta_Felik"},"geometry":{"type":"Point","coordinates":[7.8039134,45.9167263]}},
{"type":"Feature","id":"node/13467926092","properties":{"@id":"node/13467926092","ele":"3504","name":"Pic de la Brenva","natural":"peak","sources":"Carta Tecnica Regione VDA","wikidata":"Q136378786"},"geometry":{"type":"Point","coordinates":[6.9144103,45.8392346]}},
{"type":"Feature","id":"node/13467931023","properties":{"@id":"node/13467931023","ele":"3355","name":"Punta Welzenbach","natural":"peak","sources":"Carta Tecnica Regione VDA"},"geometry":{"type":"Point","coordinates":[6.8932571,45.8111394]}},
{"type":"Feature","id":"node/13467936287","properties":{"@id":"node/13467936287","ele":"3553","name":"Aiguille de l'Aigle","natural":"peak","source":"Carta Tecnica Regione VDA","wikidata":"Q136367780"},"geometry":{"type":"Point","coordinates":[6.8300809,45.7947586]}},
{"type":"Feature","id":"node/13801169159","properties":{"@id":"node/13801169159","ele":"4187","name":"Picco Muzio","name:etymology":"Italo Muzio (1906-1982)","natural":"peak","source:etymology":"https://www.clubalpinoaccademico.it/news-2/news-gruppo-occidentale/serata-dedicata-all-alpinista-italo-muzio","wikidata":"Q7190585"},"geometry":{"type":"Point","coordinates":[7.6610174,45.9754055]}},
{"type":"Feature","id":"node/13801169160","properties":{"@id":"node/13801169160","ele":"4243","name":"Épaule de Furggen","name:de":"Furggenschulter","name:fr":"Épaule de Furggen","natural":"peak","source":"https://walter-hoelzler.de/bericht/matterhorn-direkter-furggengrat/"},"geometry":{"type":"Point","coordinates":[7.6603308,45.9756926]}},
{"type":"Feature","properties":{"id":null,"@id":null,"alt_name":null,"alt_name:fr":null,"artwork_type":null,"climbing:grade:uiaa:min":null,"cross":null,"direction":null,"dispute:wikipedia":null,"ele":null,"fixme":null,"historic":null,"importance":null,"isolation":null,"loc_name":null,"man_made":null,"name":"Tete Blanche de By","name:be":null,"name:br":null,"name:cs":null,"name:de":null,"name:es":null,"name:etymology":null,"name:fr":"Tete Blanche de By","name:he":null,"name:hu":null,"name:it":"Tete Blanche de By","name:ja":null,"name:lt":null,"name:ru":null,"name:tt":null,"name:uk":null,"name:wae":null,"name:zh":null,"natural":null,"note":null,"note:en":null,"note:fr":null,"pdop":null,"prominence":"3418","ref:camptocamp":null,"source":null,"source:date":null,"source:ele":null,"source:etymology":null,"source:gps":null,"source:name":null,"source:prominence":null,"sources":null,"summit:cross":null,"summit:register":null,"survey:date":null,"tourism":null,"wheelchair":null,"wikidata":null,"wikimedia_commons":null,"wikipedia":null},"geometry":{"type":"Point","coordinates":[7.315252610500877,45.916772767940685]}},
{"type":"Feature","properties":{"id":null,"@id":null,"alt_name":null,"alt_name:fr":null,"artwork_type":null,"climbing:grade:uiaa:min":null,"cross":null,"direction":null,"dispute:wikipedia":null,"ele":null,"fixme":null,"historic":null,"importance":null,"isolation":null,"loc_name":null,"man_made":null,"name":"Mont Avril","name:be":null,"name:br":null,"name:cs":null,"name:de":null,"name:es":null,"name:etymology":null,"name:fr":"Mont Avril","name:he":null,"name:hu":null,"name:it":"Mont Avril","name:ja":null,"name:lt":null,"name:ru":null,"name:tt":null,"name:uk":null,"name:wae":null,"name:zh":null,"natural":null,"note":null,"note:en":null,"note:fr":null,"pdop":null,"prominence":"3347","ref:camptocamp":null,"source":null,"source:date":null,"source:ele":null,"source:etymology":null,"source:gps":null,"source:name":null,"source:prominence":null,"sources":null,"summit:cross":null,"summit:register":null,"survey:date":null,"tourism":null,"wheelchair":null,"wikidata":null,"wikimedia_commons":null,"wikipedia":null},"geometry":{"type":"Point","coordinates":[7.344255346564928,45.915245197846211]}}
]
}
